source,permit_id,permit_number,permit_type,issued_date,contractor_raw,contact_email,contact_phone,source_contact_name,address,city,county,zip,state,work_description,valuation,permit_link,dirt_volume
EPA ECHO (TX),ECHO_TXR1528YT,TXR1528YT,Construction Stormwater NOI (1+ acre),2026-08-01,"7 Site & Utility, LLC",,,,SITE ENTRANCE IS LOCATED APPROX. 525 FT SOUTHWEST,"SCHERTZ, TX",TX029,78154,TX,Site: ACKERMANN II SUBDIVISION,,,
EPA ECHO (TX),ECHO_TXR1553YU,TXR1553YU,Construction Stormwater NOI (1+ acre),2026-08-01,"Brownstone Construction, Ltd.",,,,201 HEADWATERS BLVD,"DRIPPING SPRINGS, TX",TX453,78620,TX,Site: DDC HEADWATERS LAND,,,
EPA ECHO (TX),ECHO_TXR1502YU,TXR1502YU,Construction Stormwater NOI (1+ acre),2026-08-01,"Rowland Mccrory Construction, LLC",,,,525 S PLAZA AVE,"BIG LAKE, TX",TX383,76932,TX,Site: AEP BIG LAKE - MICROSITE,,,
EPA ECHO (TX),ECHO_TXR1550YT,TXR1550YT,Construction Stormwater NOI (1+ acre),2026-08-01,"Mike Becknal & Co., Inc.",,,,4020 139TH ST,"LUBBOCK, TX",TX303,79423,TX,Site: MIKE BECKNAL & CO INC ESTATES AT KELSEY PARK,,,
EPA ECHO (TX),ECHO_TXR1560YU,TXR1560YU,Construction Stormwater NOI (1+ acre),2026-08-01,"Nordhausen Utility Construction, LLC",,,,SE CORNER OF THE INTERSECTION OF N TAYLOR RD AND W,"MCALLEN, TX",TX215,78504,TX,Site: VISTA PALOMA,,,
EPA ECHO (TX),ECHO_TXR1552YT,TXR1552YT,Construction Stormwater NOI (1+ acre),2026-08-01,"Insight Builders, LLC",,,,14715 MONRAD DR,"HOUSTON, TX",TX201,77053,TX,Site: NEW FAITH SENIOR VILLAGE,,,
EPA ECHO (TX),ECHO_TXR1517YT,TXR1517YT,Construction Stormwater NOI (1+ acre),2026-08-01,"Blazey Construction Services, Inc.",,,,FROM THE INTERSECTION OF W. CASTLE HARBOUR DR. & P,"FRIENDSWOOD, TX",TX167,77511,TX,Site: CITY OF FRIENDSWOOD 16INCH TRANSMISSION LINE,,,
EPA ECHO (TX),ECHO_TXR1512YT,TXR1512YT,Construction Stormwater NOI (1+ acre),2026-08-01,"W.T. Byler Co., LLC",,,,2849 OLD DOBBIN RD,"MONTGOMERY, TX",TX339,77316,TX,Site: BNSF DOBBIN CONNECTOR,,,
EPA ECHO (TX),ECHO_TXR1530YT,TXR1530YT,Construction Stormwater NOI (1+ acre),2026-08-01,Ya Baby LLC,,,,ON LOWER SEGUIN ROAD JUST WEST OF CIBOLO CREEK,"SCHERTZ, TX",TX029,78154,TX,Site: JUDAH RANCH PHASE 1 MASS GRADING,,,
EPA ECHO (TX),ECHO_TXR1554YT,TXR1554YT,Construction Stormwater NOI (1+ acre),2026-08-01,"LEXTON CONSTRUCTION, LLC",,,,APPROX. 200 FEET NORTHWEST FROM THE INTERSECTION O,"MONTGOMERY, TX",TX339,77316,TX,Site: WOODFOREST SECTION 108,,,
EPA ECHO (TX),ECHO_TXR1508YU,TXR1508YU,Construction Stormwater NOI (1+ acre),2026-08-01,Genesis Earthworks LLC,,,,3009 DUB WRIGHT BLVD,"ABILENE, TX",TX441,79606,TX,Site: MEADOWCREST SUBDIVISION,,,
EPA ECHO (TX),ECHO_TXR1535YU,TXR1535YU,Construction Stormwater NOI (1+ acre),2026-08-01,"Scott Collier Construction, LLC",,,,3340 IH 20,"STANTON, TX",TX227,79782,TX,Site: STANTON ISD NEW MIDDLE SCHOOL,,,
EPA ECHO (TX),ECHO_TXR1507YT,TXR1507YT,Construction Stormwater NOI (1+ acre),2026-08-01,"ZTex Construction, Inc.",,,,451 VIN RAMBLA,"EL PASO, TX",TX141,79912,TX,Site: SUNCREST APARTMENTS,,,
EPA ECHO (TX),ECHO_TXR1570YT,TXR1570YT,Construction Stormwater NOI (1+ acre),2026-08-01,M. A. Mortenson Company,,,,WEST OF THE INTERSECTION OF AIRFIELD DR AND N MOOR,"EDINBURG, TX",TX215,78539,TX,Site: USDA NWS LAYDOWN AND ACCESS RD,,,
EPA ECHO (TX),ECHO_TXR1592YT,TXR1592YT,Construction Stormwater NOI (1+ acre),2026-08-01,"Primoris Pipeline, Inc.",,,,EAST OF US 59 NORTH-NORTHEAST THE INTERSECTION OF,"QUEEN CITY, TX",TX067,75572,TX,Site: LUCAS AVERY,,,
EPA ECHO (TX),ECHO_TXR1527YU,TXR1527YU,Construction Stormwater NOI (1+ acre),2026-08-01,"RODRIGUEZ, JOSE",,,,3607 YORKSHIRE DR,"ODESSA, TX",TX135,79765,TX,Site: JOSE RODRIGUEZ,,,
EPA ECHO (TX),ECHO_TXR1542YT,TXR1542YT,Construction Stormwater NOI (1+ acre),2026-08-01,Cotx Construction LLC,,,,OFF OF SUNFIRE & AMESBURY AVE.,"EL PASO, TX",TX141,79928,TX,Site: THE RETREAT AT SUNFIRE APARTMENTS,,,
EPA ECHO (TX),ECHO_TXR1562YT,TXR1562YT,Construction Stormwater NOI (1+ acre),2026-08-01,Lone Star Dirt & Paving Ltd..,,,,ON UPLAND AVE GO SOUTH TO 34TH THEN SOUTH ON TO 50,"LUBBOCK, TX",TX303,79423,TX,Site: UPLAND AVE 34TH TO 50TH,,,
EPA ECHO (TX),ECHO_TXR1577YT,TXR1577YT,Construction Stormwater NOI (1+ acre),2026-08-01,"ACC Houston, LLC",,,,1250 FM 1485 RD,"CONROE, TX",TX339,77301,TX,Site: ARCOSA CONROE,,,
EPA ECHO (TX),ECHO_TXR1568YT,TXR1568YT,Construction Stormwater NOI (1+ acre),2026-08-01,"Drb Group Texas, LLC",,,,COUNTY RD. 307 AND BEAVER CREEK DR.,"JARRELL, TX",TX491,76537,TX,Site: HUNTERS GLEN ADDITION,,,
EPA ECHO (TX),ECHO_TXR1515YU,TXR1515YU,Construction Stormwater NOI (1+ acre),2026-08-01,"Hill Building Group, LLC",,,,751 E RENDON CROWLEY RD,"BURLESON, TX",TX439,76028-7536,TX,Site: STACKED,,,
EPA ECHO (TX),ECHO_TXR1504YT,TXR1504YT,Construction Stormwater NOI (1+ acre),2026-08-01,Rd Underground Construction Inc,,,,"LOCATED EAST OF CREEKVIEW MEADOWS AVE, ALONG FM 42","CELINA, TX",TX121,75009,TX,Site: CREEKVIEW MEADOWS PH 2 OFFSITE,,,
EPA ECHO (TX),ECHO_TXR1518YU,TXR1518YU,Construction Stormwater NOI (1+ acre),2026-08-01,De Leon Fence & Construction Services LLC,,,,SOUTHWEST OF LEAGUE ROAD & EDWARDS ROAD,"MCLENDONCHISHOLM, TX",TX397,75032,TX,Site: LEAGUE RD IMPROVEMENTS,,,
EPA ECHO (TX),ECHO_TXR1511YU,TXR1511YU,Construction Stormwater NOI (1+ acre),2026-08-01,Concrete Strategies LLC,,,,FM 600 & US 380 HASKELL & JONES COUNTY,"HASKELL, TX",TX207,79521,TX,Site: ABL-0908-22-014,,,
EPA ECHO (TX),ECHO_TXR1594YT,TXR1594YT,Construction Stormwater NOI (1+ acre),2026-08-01,Olivia Clarke Homes LLC,,,,WEST OF THE INTERSECTION OF SMILEY ROAD AND OLD DA,"CELINA, TX",TX121,75009,TX,Site: GRAND OAKS AT GREEN MEADOWS PHASE 1A & 1B,,,
EPA ECHO (TX),ECHO_TXR1503YU,TXR1503YU,Construction Stormwater NOI (1+ acre),2026-08-01,4Pro Construction LLC,,,,NEC OF N. WARE ROAD AND AUBURN AVE. TRENTON RD. IN,"MCALLEN, TX",TX215,78504,TX,Site: VILLAS AT TRENTON,,,
EPA ECHO (TX),ECHO_TXR1549YT,TXR1549YT,Construction Stormwater NOI (1+ acre),2026-08-01,Tilson Home Corporation,,,,"MASTER PLANNED COMMUNITY SOUTH OF HUNTSVILLE, TEXA","HUNTSVILLE, TX",TX471,77340,TX,Site: ESTATES OF TEXAS GRAND RANCH,,,
EPA ECHO (TX),ECHO_TXR1557YU,TXR1557YU,Construction Stormwater NOI (1+ acre),2026-08-01,"Jamail & Smith Construction, LP",,,,11950 TAYLORCREST RD,"HOUSTON, TX",TX201,77024-4300,TX,Site: BUNKER HILL ELEMENTARY SCHOOL,,,
EPA ECHO (TX),ECHO_TXR1593YT,TXR1593YT,Construction Stormwater NOI (1+ acre),2026-08-01,"FRANCO, FERNANDO",,,,8601 LA JOLLA DR,"ODESSA, TX",TX135,79765,TX,Site: FERNANDO FRANCO,,,
EPA ECHO (TX),ECHO_TXR1553YT,TXR1553YT,Construction Stormwater NOI (1+ acre),2026-08-01,Novel Builders LLC,,,,NORTHEAST CORNER OF US 380 AND FM 1385,"PROSPER, TX",TX121,76227,TX,Site: WESTSIDE 18R,,,
EPA ECHO (TX),ECHO_TXR1556YU,TXR1556YU,Construction Stormwater NOI (1+ acre),2026-08-01,"Ae Contractors, LLC",,,,SOUTHEAST OF MATLOCK ROAD & EAST DEBBIE LANE,"MANSFIELD, TX",TX439,76063,TX,Site: AE MANSFIELD MATLOCK,,,
EPA ECHO (TX),ECHO_TXR1561YT,TXR1561YT,Construction Stormwater NOI (1+ acre),2026-08-01,"Catamount Constructors, Inc.",,,,7019 INDUSTRIAL WAY,"SAN ANTONIO, TX",TX029,78252,TX,Site: SOUTHPARK 6A6B,,,
EPA ECHO (TX),ECHO_TXR1535YT,TXR1535YT,Construction Stormwater NOI (1+ acre),2026-08-01,Space Exploration Technologies Corp.,,,,LOCATED SOUTH OF GIBBONS CREEK RESERVOIR AND NORTH,"ANDERSON, TX",TX001,77830,TX,Site: GIBBONS CREEK PROJECT SITE,,,
EPA ECHO (TX),ECHO_TXR1501YU,TXR1501YU,Construction Stormwater NOI (1+ acre),2026-08-01,Joe Bland Construction LLC,,,,6505 BRIDGE POINT PKWY,"AUSTIN, TX",TX453,78730-5011,TX,Site: BRIDGEPOINT PARKWAY,,,
EPA ECHO (TX),ECHO_TXR1536YU,TXR1536YU,Construction Stormwater NOI (1+ acre),2026-08-01,"H & S Service, LLC",,,,NORTH OF SKYLANE AND AIRPORT RD,"DENTON, TX",TX121,76207,TX,Site: MASCH BRANCH PARKING LOT EXPANSION,,,
EPA ECHO (TX),ECHO_TXR1528YU,TXR1528YU,Construction Stormwater NOI (1+ acre),2026-08-01,"W.T. Byler Co., LLC",,,,28211 HARDIN STORE RD,"MAGNOLIA, TX",TX339,77354,TX,Site: CPE MILL CREEK SUB,,,
EPA ECHO (TX),ECHO_TXR1521YU,TXR1521YU,Construction Stormwater NOI (1+ acre),2026-08-01,"Pogue Construction Co., LLC",,,,SOUTHEAST OF NORTH COLEMAN STREET & EAGLE WAY,"PROSPER, TX",TX085,75078,TX,Site: REYNOLDS MS ADDITIONS & RENOVATIONS,,,
EPA ECHO (TX),ECHO_TXR1537YU,TXR1537YU,Construction Stormwater NOI (1+ acre),2026-08-01,"Bosc Construction, LLC",,,,SOUTHEAST OF THE INTERSECTION OF BORCHERT LOOP AND,"LOCKHART, TX",TX055,78644,TX,Site: JUNIPER SPRINGS PHASE 8,,,
EPA ECHO (TX),ECHO_TXR1529YT,TXR1529YT,Construction Stormwater NOI (1+ acre),2026-08-01,"Classen Winters, LLC",,,,671 RIDGE HILL DR,"NEW BRAUNFELS, TX",TX091,78130-6627,TX,Site: KEITH WING TWO STORY OFFICE,,,
EPA ECHO (TX),ECHO_TXR1538YT,TXR1538YT,Construction Stormwater NOI (1+ acre),2026-08-01,"Mycon General Contractors, Inc.",,,,"APPROXIMATELY 2,000 FEET WEST OF THE INTERSECTION","PRINCETON, TX",TX085,75047,TX,Site: HOME DEPOT - PRINCETON TX,,,
EPA ECHO (TX),ECHO_TXR1599YT,TXR1599YT,Construction Stormwater NOI (1+ acre),2026-08-01,"Preserve Land 1, LLC",,,,SOUTHEAST OF CR 418 AND CR 417,"MELISSA, TX",TX085,75454,TX,Site: THE PRESERVE,,,
EPA ECHO (TX),ECHO_TXR1514YT,TXR1514YT,Construction Stormwater NOI (1+ acre),2026-08-01,Legacy Builders Texas LLC,,,,SW CORNER OF E KIRKWOOD AND RIVERA LN,"SOUTHLAKE, TX",TX439,76092,TX,Site: CARILLON PARC,,,
EPA ECHO (TX),ECHO_TXR1556YT,TXR1556YT,Construction Stormwater NOI (1+ acre),2026-08-01,"Arco/Murray National Holdings, Inc.",,,,NORTHEAST CORNER OF I-35 AND LOOP 288,"DENTON, TX",TX121,76207,TX,Site: HORIZON 35,,,
EPA ECHO (TX),ECHO_TXR1503YT,TXR1503YT,Construction Stormwater NOI (1+ acre),2026-08-01,Construction Managers Of Austin LLC,,,,19625 JUDYS VIEW,"PFLUGERVILLE, TX",TX453,78660,TX,Site: THE GROVE AT BLACKHAWK - AMENITY CENTER,,,
EPA ECHO (TX),ECHO_TXR1596YT,TXR1596YT,Construction Stormwater NOI (1+ acre),2026-08-01,"Toll Bros., Inc.",,,,2008 RANGELAND WAY,"BARTONVILLE, TX",TX121,76226,TX,Site: FURST RANCH,,,
EPA ECHO (TX),ECHO_TXR1522YU,TXR1522YU,Construction Stormwater NOI (1+ acre),2026-08-01,De Leon Fence & Construction Services LLC,,,,SOUTH OF LEAGUE ROAD & EDWARDS ROAD,"MCLENDONCHISHOLM, TX",TX397,75032,TX,Site: SONOMA VERDE EAST PH 1,,,
EPA ECHO (TX),ECHO_TXR1531YT,TXR1531YT,Construction Stormwater NOI (1+ acre),2026-08-01,Sunfield Development LLC,,,,SOUTH FROM SATTERWHITE ROAD AND WEST FROM TURNERSV,"BUDA, TX",TX209,78610,TX,Site: SATTERWHITE SUBDIVISION,,,
EPA ECHO (TX),ECHO_TXR1537YT,TXR1537YT,Construction Stormwater NOI (1+ acre),2026-08-01,Oakhaven Construction LLC,,,,BOUNDED ON THE EAST BY MYKAWA RD AND SOUTH BY SIMS,"HOUSTON, TX",TX201,77033,TX,Site: FIRST TEE,,,
EPA ECHO (TX),ECHO_TXR1555YT,TXR1555YT,Construction Stormwater NOI (1+ acre),2026-08-01,Texas Department of Transportation,,,,US 75 FROM FM 902 TO FM 1417,"VAN ALSTYNE, TX",TX181,75495,TX,Site: TXDOT - PAR - CSJ 0047-03-091 ETC,,,
EPA ECHO (TX),ECHO_TXR1587YT,TXR1587YT,Construction Stormwater NOI (1+ acre),2026-08-01,"Embree Construction Group, Inc.",,,,9900 DARDEN HILL RD,"AUSTIN, TX",TX209,78737-9278,TX,Site: DARDEN HILL STORAGE PHASE 2,,,
EPA ECHO (TX),ECHO_TXR1519YT,TXR1519YT,Construction Stormwater NOI (1+ acre),2026-08-01,"10 Point Homes & Construction, LLC",,,,SITE IS LOCATED APPROXIMATELY 0.5 MILES NORTH OF T,"ABILENE, TX",TX441,79601,TX,Site: CAMPUS EDGE,,,
EPA ECHO (TX),ECHO_TXR1598YT,TXR1598YT,Construction Stormwater NOI (1+ acre),2026-08-01,"SER Construction Partners, LLC",,,,SH 99 FROM 0.64 MI NORTH OF IH 10 TO 0.15 MI SOUTH,"KATY, TX",TX201,77449,TX,Site: HOU CSJ 3510-05-047 ETC,,,
EPA ECHO (TX),ECHO_TXR1504YU,TXR1504YU,Construction Stormwater NOI (1+ acre),2026-08-01,Zack Burkett Co.,,,,"SH 6 FROM 882 S OF US70, S TO KNOX C/L","CROWELL, TX",TX155,79227,TX,Site: TXDOT CHS SH6 009803037,,,
EPA ECHO (TX),ECHO_TXR1526YU,TXR1526YU,Construction Stormwater NOI (1+ acre),2026-08-01,"Northtex Construction, LLC",,,,GET ON SAM HOUSTON TOLLWAY W. FOLLOW SAM HOUSTON T,"MONTGOMERY COUNTY, TX",TX339,77316,TX,Site: MAGNOLIA WOODS,,,
EPA ECHO (TX),ECHO_TXR1549YU,TXR1549YU,Construction Stormwater NOI (1+ acre),2026-08-01,"Tri Pointe Homes Texas, Inc.",,,,"APPROX. 1,350 YARDS NORTHWEST FROM THE INTERSECTIO","LEANDER, TX",TX491,78641,TX,Site: EDGEWOOD,,,
EPA ECHO (TX),ECHO_TXR1557YT,TXR1557YT,Construction Stormwater NOI (1+ acre),2026-08-01,"Lennar Homes of Texas Land and Construction, Ltd.",,,,NORTHWEST OF THE INTERSECTION OF MILLER ROAD AND F,"SAN ANTONIO, TX",TX029,78124,TX,Site: LILY TRAILS - OFFSITE,,,
EPA ECHO (TX),ECHO_TXR1516YT,TXR1516YT,Construction Stormwater NOI (1+ acre),2026-08-01,"Precise Services, Inc.",,,,"GANDERWOOD & OLIVEWOOD DRIVE, VARIOUS STREETS IN C","HOUSTON, TX",TX201,77089,TX,Site: MAINTENANCE-BS2N CLEAR BROOK CITY-2024,,,
EPA ECHO (TX),ECHO_TXR1547YT,TXR1547YT,Construction Stormwater NOI (1+ acre),2026-08-01,Southern Proper Homes LLC,,,,"104 LA RAMBLA CT. SOUTHLAKE, TX 76092","SOUTHLAKE, TX",TX439,76092,TX,Site: 104 LA RAMBLA,,,
EPA ECHO (TX),ECHO_TXR1590YT,TXR1590YT,Construction Stormwater NOI (1+ acre),2026-08-01,"Lone Star Recreation of Texas, LLC",,,,BOUNDED SOUTH BY TOP GOLF BLVD AND BOUNDED WEST BY,"BRYAN, TX",TX041,77801,TX,Site: MIDTOWN LEGACY PARK,,,
EPA ECHO (TX),ECHO_TXR1571YT,TXR1571YT,Construction Stormwater NOI (1+ acre),2026-08-01,Atmos Energy Corporation,,,,NORTHWEST OF SOUTH LANCASTER RD & EAST WHEATLAND R,"DALLAS, TX",TX113,75241,TX,Site: UNIVERSITY HILLS ONSITE MAIN EXTENSION,,,
EPA ECHO (TX),ECHO_TXR1589YT,TXR1589YT,Construction Stormwater NOI (1+ acre),2026-08-01,"NOBLE TEXAS BUILDERS, LLC",,,,1400 FM 511,"BROWNSVILLE, TX",TX061,78526,TX,Site: CITY OF BROWNSVILLE PUBLIC SAFETY COMPLEX,,,
EPA ECHO (TX),ECHO_TXR1505YU,TXR1505YU,Construction Stormwater NOI (1+ acre),2026-08-01,City Public Service Energy,,,,SW OF GARDNER RD & BURSHARD RD,"SAN ANTONIO, TX",TX029,78222,TX,Site: NORTHLAKE PHASE 12,,,
EPA ECHO (TX),ECHO_TXR1581YT,TXR1581YT,Construction Stormwater NOI (1+ acre),2026-08-01,"Tri Pointe Homes Texas, Inc.",,,,APPROX. 750 YARDS EAST FROM THE INTERSECTION OF FM,"RICHMOND, TX",TX157,77406,TX,Site: EVERGROVE,,,
EPA ECHO (TX),ECHO_TXR1567YT,TXR1567YT,Construction Stormwater NOI (1+ acre),2026-08-01,Durwood Greene Construction,,,,JOB IS LOCATED NORTHWEST OF THE INTERSECTION OF KN,"WALLER, TX",TX201,77484,TX,Site: ELLORA SECTION 1,,,
EPA ECHO (TX),ECHO_TXR1527YT,TXR1527YT,Construction Stormwater NOI (1+ acre),2026-08-01,Mega Contractors LLC,,,,NE OF JAGUAR PKWY & S ZARZAMORA ST,"SAN ANTONIO, TX",TX029,78224,TX,Site: LEGACY AT LA VIDA ENCLAVE,,,
EPA ECHO (TX),ECHO_TXR1523YU,TXR1523YU,Construction Stormwater NOI (1+ acre),2026-08-01,"Kieschnick General Contractors, Inc.",,,,"VARIOUS LOCATIONS ALONG OLD HEARNE RD, TX-OSR, SAN","BRYAN, TX",TX041,77807,TX,Site: WELLBORN SUD 2020 WELL COLLECTION AND TRANSMISSION,,,
EPA ECHO (TX),ECHO_TXR1554YU,TXR1554YU,Construction Stormwater NOI (1+ acre),2026-08-01,"Forney Construction, LLC",,,,4500 MEMORIAL DR,"HOUSTON, TX",TX201,77007-7332,TX,Site: ST THOMAS HIGH SCHOOL JOPLIN CAMPUS,,,
EPA ECHO (TX),ECHO_TXR1580YT,TXR1580YT,Construction Stormwater NOI (1+ acre),2026-08-01,"Fulcrum Construction Tx, LLC",,,,1040 W CENTERVILLE RD,"GARLAND, TX",TX113,75041,TX,Site: JOE VS SMART SHOP,,,
EPA ECHO (TX),ECHO_TXR1520YU,TXR1520YU,Construction Stormwater NOI (1+ acre),2026-08-01,"Jl Gray Construction, LLC",,,,SOUTHEAST OF THE INTERSECTION OF BORCHERT LOOP AND,"LOCKHART, TX",TX055,78644,TX,Site: JUNIPER SPRINGS PHASE 8,,,
EPA ECHO (TX),ECHO_TXR1551YT,TXR1551YT,Construction Stormwater NOI (1+ acre),2026-08-01,"Architectural Restoration, LLC",,,,3050 MIDDLEFIELD RD,"DALLAS, TX",TX113,75253-2101,TX,Site: MIDDLEFIELD FARMS PASTURE,,,
EPA ECHO (TX),ECHO_TXR1544YU,TXR1544YU,Construction Stormwater NOI (1+ acre),2026-08-01,"D.L. Meacham, L.P.",,,,RIVERSIDE GROVE TO ROCK VALLEY DRIVE ALONG WEST KE,"HOUSTON, TX",TX157,77083,TX,Site: WEST KEEGANS DRAINAGE IMPROVEMENTS-JOB 3928-23002,,,
EPA ECHO (TX),ECHO_TXR1526YT,TXR1526YT,Construction Stormwater NOI (1+ acre),2026-08-01,"Yc Partners, LLC",,,,NORTH OF THE INTERSECTION OF HUBER RD AND RUDELOFF,"SEGUIN, TX",TX187,78155,TX,Site: WALNUT BRANCH SUBDIVISION UNIT 6A & 6B,,,
EPA ECHO (TX),ECHO_TXR1515YT,TXR1515YT,Construction Stormwater NOI (1+ acre),2026-08-01,"Primoris T&D Services, LLC",,,,NORTHWEST OF SOUTH LANCASTER RD & EAST WHEATLAND R,"DALLAS, TX",TX113,75241,TX,Site: UNIVERSITY HILLS ONSITE MAIN EXTENSION,,,
EPA ECHO (TX),ECHO_TXR1564YT,TXR1564YT,Construction Stormwater NOI (1+ acre),2026-08-01,"Mike Becknal & Co., Inc.",,,,4006 150TH ST,"LUBBOCK, TX",TX303,79423,TX,Site: MIKE BECKNAL & CO INC SEDONA,,,
EPA ECHO (TX),ECHO_TXR1574YT,TXR1574YT,Construction Stormwater NOI (1+ acre),2026-08-01,"RMB MANAGEMENT, L.L.C.",,,,801 EAST P STREET,"DEER PARK, TX",TX201,77536,TX,Site: DOW PARK DRAINAGE PIPE REHAB PKG LOT IMPROVEMENTS,,,
EPA ECHO (TX),ECHO_TXR1522YT,TXR1522YT,Construction Stormwater NOI (1+ acre),2026-08-01,"Lee Lewis Construction, Inc.",,,,SOUTHWEST OF LAMPE COURT & CHAPMAN ROAD,"WATAUGA, TX",TX439,76148,TX,Site: GRACE HARDEMAN ES,,,
EPA ECHO (TX),ECHO_TXR1532YT,TXR1532YT,Construction Stormwater NOI (1+ acre),2026-08-01,SAM'S REAL ESTATE BUSINESS TRUST,,,,SOUTHEAST CORNER AT GROVE CREEK RD AND US 77,"WAXAHACHIE, TX",TX139,75165,TX,Site: SAMS CLUB 4858,,,
EPA ECHO (TX),ECHO_TXR1559YT,TXR1559YT,Construction Stormwater NOI (1+ acre),2026-08-01,"Watermark Commercial Contractors, LLC",,,,LOCATED AT THE SOUTHWEST CORNER OF THE INTERSECTIO,"SAN ANTONIO, TX",TX029,78227,TX,Site: HERITAGE ESTATES AT MEDINA,,,
EPA ECHO (TX),ECHO_TXR1506YT,TXR1506YT,Construction Stormwater NOI (1+ acre),2026-08-01,"Weekley Homes, LLC",,,,1 REVEILLE CT,"HUNTSVILLE, TX",TX471,77340,TX,Site: 1 REVEILLE COURT,,,
EPA ECHO (TX),ECHO_TXR1597YT,TXR1597YT,Construction Stormwater NOI (1+ acre),2026-08-01,"J. Lee Milligan, Inc.",,,,ON US 385 FROM NORTHERN HARTLEY CITY LIMITS TO DEA,"CHANNING, TX",TX205,79018,TX,Site: AMA 0041-02-020,,,
EPA ECHO (TX),ECHO_TXR1588YT,TXR1588YT,Construction Stormwater NOI (1+ acre),2026-08-01,Westwood Residential Builders 85 LP,,,,NORTHWEST CORNER OF CENTER LAKE DR AND MCCALLEN PA,"AUSTIN, TX",TX453,78753,TX,Site: COLE PARK APARTMENTS,,,
EPA ECHO (TX),ECHO_TXR1579YT,TXR1579YT,Construction Stormwater NOI (1+ acre),2026-08-01,"Takco, Inc.",,,,W FAIRMONT PARKWAY AND GENOA RED BLUFF ROAD,"PASADENA, TX",TX201,77507,TX,Site: GENOA RED BLUFF STORMWATER DETENTION BASIN PHASE 2,,,
EPA ECHO (TX),ECHO_TXR1559YU,TXR1559YU,Construction Stormwater NOI (1+ acre),2026-08-01,"Xpert Design And Construction, LLC",,,,2005 CRYSTAL RIVER PKWY,"SAN MARCOS, TX",TX209,78666,TX,Site: RIVERSTONE APARTMENTS,,,
EPA ECHO (TX),ECHO_TXR1558YU,TXR1558YU,Construction Stormwater NOI (1+ acre),2026-08-01,"Kingham Dalton Wilson, Ltd.",,,,12520 HARRIS BRANCH PARKWAY,"AUSTIN, TX",TX453,78754,TX,Site: HYE HARRIS BRANCH,,,
EPA ECHO (TX),ECHO_TXR1513YU,TXR1513YU,Construction Stormwater NOI (1+ acre),2026-08-01,Rvision Homes Ltd,,,,254 HEARTLAND RD,"NEW WAVERLY, TX",TX471,77358,TX,Site: RVISION HOMES,,,
EPA ECHO (TX),ECHO_TXR1532YU,TXR1532YU,Construction Stormwater NOI (1+ acre),2026-08-01,"D.R. Horton - Texas, Ltd.",,,,FM 360 & MILO FARMS LANE,"ROSENBERG, TX",TX157,77471,TX,Site: MILO FARMS SEC 1 2 3,,,
EPA ECHO (TX),ECHO_TXR1521YT,TXR1521YT,Construction Stormwater NOI (1+ acre),2026-08-01,Apd Construction LLC,,,,"27.696787, -97.382888","CORPUS CHRISTI, TX",TX355,78413,TX,Site: ST ANDREWS PARK,,,
EPA ECHO (TX),ECHO_TXR1514YU,TXR1514YU,Construction Stormwater NOI (1+ acre),2026-08-01,Starlight Homes Texas L.L.C.,,,,"APPROX 1,800 YARDS NORTHEAST FROM THE INTERSECTION","HEMPSTEAD, TX",TX473,77445,TX,Site: SWEETWATER RANCH,,,
EPA ECHO (TX),ECHO_TXR1539YU,TXR1539YU,Construction Stormwater NOI (1+ acre),2026-08-01,"E. E. Reed Construction, L.P.",,,,23900 KATY FWY,"KATY, TX",TX201,77494-1323,TX,Site: MH KATY EXPANSION - NORTH PARKING LOT,,,
EPA ECHO (TX),ECHO_TXR1546YT,TXR1546YT,Construction Stormwater NOI (1+ acre),2026-08-01,"Hba Design Build, LLC",,,,SOUTHEAST OF THE INTERSECTION OF PARK PLACE AND AS,"PROSPER, TX",TX085,75078,TX,Site: PARK PLACE PHASE 1 AMENITY CENTER,,,
EPA ECHO (TX),ECHO_TXR1519YU,TXR1519YU,Construction Stormwater NOI (1+ acre),2026-08-01,The Soccer Lab LLC,,,,2020 N JACKSON ST,"JACKSONVILLE, TX",TX073,75766,TX,Site: THE GROUNDS,,,
EPA ECHO (TX),ECHO_TXR1552YU,TXR1552YU,Construction Stormwater NOI (1+ acre),2026-08-01,Atmos Energy Corporation,,,,SOUTHWEST SIDE OF THE N BONNIE BRAE ST / N ELM ST,"DENTON, TX",TX121,76207,TX,Site: N BONNIE BRAE ST & N ELM ST RELOCATION PROJECT,,,
EPA ECHO (TX),ECHO_TXR1572YT,TXR1572YT,Construction Stormwater NOI (1+ acre),2026-08-01,"LEXTON CONSTRUCTION, LLC",,,,APPROX. 350 YARDS SOUTHEAST FROM THE INTERSECTION,"CONROE, TX",TX339,77304,TX,Site: SOUTH TERALYN HILLS DRIVE PHASE 1,,,
EPA ECHO (TX),ECHO_TXR1561YU,TXR1561YU,Construction Stormwater NOI (1+ acre),2026-08-01,White Construction Company,,,,230 BEAVER RD,"INGRAM, TX",TX265,78025-5005,TX,Site: BEAVER FALLS RV RESORT,,,
EPA ECHO (TX),ECHO_TXR1543YU,TXR1543YU,Construction Stormwater NOI (1+ acre),2026-08-01,"BRAZOS ELECTRIC POWER COOPERATIVE, INC.",,,,THE BRAZOS ELECTRIC MERRYMAN SUBSTATION IS PROPOSE,"HEARNE, TX",TX395,77859,TX,Site: MERRYMAN SUBSTATION,,,
EPA ECHO (TX),ECHO_TXR1533YU,TXR1533YU,Construction Stormwater NOI (1+ acre),2026-08-01,Atmos Energy Corporation,,,,INTERNATIONAL PKWY AND TERMINAL F,"DFW AIRPORT, TX",TX439,75261,TX,Site: DFW AIRPORT TERMINAL F MAIN INSTALLATION,,,
EPA ECHO (TX),ECHO_TXR1534YU,TXR1534YU,Construction Stormwater NOI (1+ acre),2026-08-01,JS WALTZ CONSTRUCTION LLC,,,,3816 STADIUM DR,"FORT WORTH, TX",TX439,76109,TX,Site: WP MCLEAN MIDDLE SCHOOL,,,
EPA ECHO (TX),ECHO_TXR1545YU,TXR1545YU,Construction Stormwater NOI (1+ acre),2026-08-01,"Bcs Ranger Home Builders, LLC",,,,4211 ROCK PRAIRIE RD,"COLLEGE STATION, TX",TX041,77845,TX,Site: 4211 ROCK PRAIRIE RD,,,
EPA ECHO (TX),ECHO_TXR1551YU,TXR1551YU,Construction Stormwater NOI (1+ acre),2026-08-01,"Hunt Communities GP, LLC",,,,OFF OF CLARET CUP PLACE AND BREEZE ST.,"HORIZON CITY, TX",TX141,79928,TX,Site: RANCHO DESIERTO BELLO UNIT 18,,,
EPA ECHO (TX),ECHO_TXR1516YU,TXR1516YU,Construction Stormwater NOI (1+ acre),2026-08-01,"Dale Lowden Excavating, LLC",,,,LOCATED SOUTHEAST OF THE INTERSECTION OF LAVONDE D,"AUSTIN, TX",TX453,78738,TX,Site: THE HILLS AT PROVENCE,,,
EPA ECHO (TX),ECHO_TXR1550YU,TXR1550YU,Construction Stormwater NOI (1+ acre),2026-08-01,PRECISION CONSTRUCTION GROUP LLC,,,,"606 US-80 SUNNYVALE, TX 75182","SUNNYVALE, TX",TX113,75182,TX,Site: PECAN RIDGE OFFICE PARK,,,
EPA ECHO (TX),ECHO_TXR1525YT,TXR1525YT,Construction Stormwater NOI (1+ acre),2026-08-01,"Abmf, LLC",,,,10116 KENDALL CYN,"SAN ANTONIO, TX",TX029,78255,TX,Site: 10116 KENDALL CANYON,,,
EPA ECHO (TX),ECHO_TXR1542YU,TXR1542YU,Construction Stormwater NOI (1+ acre),2026-08-01,Southwestern Electric Power Company,,,,NEAR INTERSECTION OF US HWY 271 & CR4000 APPROXIMA,"MT PLEASANT, TX",TX449,75455,TX,Site: PRIEFERT EXTENSION,,,
EPA ECHO (TX),ECHO_TXR1510YU,TXR1510YU,Construction Stormwater NOI (1+ acre),2026-08-01,Genesis Earthworks LLC,,,,5311 PARKSVILLE DR,"ABILENE, TX",TX441,79606,TX,Site: THE HARVEST - PHASE 3,,,
EPA ECHO (TX),ECHO_TXR1598YS,TXR1598YS,Construction Stormwater NOI (1+ acre),2026-08-01,"Key Construction, Inc.",,,,10365 BLUE MOUND ROAD,"FORT WORTH, TX",TX439,76131,TX,Site: CLUB CAR WASH SITE BLUE MOUND,,,
EPA ECHO (TX),ECHO_TXR1595YT,TXR1595YT,Construction Stormwater NOI (1+ acre),2026-08-01,"C-A Native Constructors, Inc",,,,LOCATED AT 500 JIM HOGG RD IN JIM HOGG PARK WHICH,"GEORGETOWN, TX",TX491,78633,TX,Site: JIM HOGG PARK NORTH FORK,,,
EPA ECHO (TX),ECHO_TXR1585YT,TXR1585YT,Construction Stormwater NOI (1+ acre),2026-08-01,"Heyl Homes, Inc.",,,,21217 SCARLET TANAGER COVE PLUS POTENTIAL FUTURE L,"SPICEWOOD, TX",TX453,78669,TX,Site: TRAVIS CLUB HOMEBUILDING,,,
EPA ECHO (TX),ECHO_TXR1525YU,TXR1525YU,Construction Stormwater NOI (1+ acre),2026-08-01,"Northtex Construction, LLC",,,,TAKE I-45 S. TAKE SAM HOUSTON TOLLWAY W EXIT 60B.,"HOCKLEY, TX",TX201,77447,TX,Site: GRAND PRAIRIE,,,
EPA ECHO (TX),ECHO_TXR1566YT,TXR1566YT,Construction Stormwater NOI (1+ acre),2026-08-01,Central Builders,,,,11446 POTRANCO RD,"SAN ANTONIO, TX",TX029,78253-6707,TX,Site: DOVE CREEK CRUNCH FITNESS,,,
EPA ECHO (TX),ECHO_TXR1531YU,TXR1531YU,Construction Stormwater NOI (1+ acre),2026-08-01,Mission Site Services LLC,,,,NORTH OF ROBIN DR & W PECAN ST,"SHERMAN, TX",TX181,75092,TX,Site: SHERMAN EARLY CHILDHOOD DEVELOPMENT CENTER,,,
EPA ECHO (TX),ECHO_TXR1591YT,TXR1591YT,Construction Stormwater NOI (1+ acre),2026-08-01,Castlerock Communities LLC,,,,LOCATED EAST OF THE INTERSECTION AT 23RD STREET N,"TEXAS CITY, TX",TX167,77590,TX,Site: CASTLEROCK COMMUNITIES- SUNRISE COVE,,,
EPA ECHO (TX),ECHO_TXR1530YU,TXR1530YU,Construction Stormwater NOI (1+ acre),2026-08-01,Atmos Energy Corporation,,,,NORTH OF ROBIN DR & W PECAN ST,"SHERMAN, TX",TX181,75092,TX,Site: SHERMAN EARLY CHILDHOOD DEVELOPMENT CENTER,,,
EPA ECHO (TX),ECHO_TXR1534YT,TXR1534YT,Construction Stormwater NOI (1+ acre),2026-08-01,M.C.G. Custom Homes Inc.,,,,106 FALCON CT,"HUNTSVILLE, TX",TX473,77340,TX,Site: MARCELO C GARCIA,,,
EPA ECHO (TX),ECHO_TXR1560YT,TXR1560YT,Construction Stormwater NOI (1+ acre),2026-08-01,Miles  Payne,,,,NE OF INTERSECTION OF HWY 105 & FM 1774,"PLANTERSVILLE, TX",TX185,77363,TX,Site: THE CEDARS - 9606 CEDAR LAKE COURT - HOME BUILDING,,,
EPA ECHO (TX),ECHO_TXR1544YT,TXR1544YT,Construction Stormwater NOI (1+ acre),2026-08-01,City Public Service Energy,,,,SE OF LOWER SEGUIN RD & HOLLERING VINE,"SAN ANTONIO, TX",TX029,78154,TX,Site: VANTAGE AT CROSSVINE,,,
EPA ECHO (TX),ECHO_TXR1586YT,TXR1586YT,Construction Stormwater NOI (1+ acre),2026-08-01,"Blattner Energy, LLC",,,,THE PROJECT IS LOCATED SOUTHWEST OF COLORADO CITY,"COLORADO CITY, TX",TX335,79512,TX,Site: HACKBERRY SOLAR,,,
EPA ECHO (TX),ECHO_TXR1510YT,TXR1510YT,Construction Stormwater NOI (1+ acre),2026-08-01,AEP Texas Inc.,,,,THE PROJECT WILL BEGIN AT THE HECKER SUBSTATION AN,"GREGORY, TX",TX409,78359,TX,Site: HECKER TO RESNIK T-LINE REBUILD PROJECT,,,
EPA ECHO (TX),ECHO_TXR1576YT,TXR1576YT,Construction Stormwater NOI (1+ acre),2026-08-01,"Tellepsen Builders, L.P.",,,,1200 N AMBURN RD,"TEXAS CITY, TX",TX167,77591-2435,TX,Site: COM- NEW COLLEGE SERVICE BUILDING,,,
EPA ECHO (TX),ECHO_TXR1501YT,TXR1501YT,Construction Stormwater NOI (1+ acre),2026-08-01,Capital Excavation Company,,,,SOUTHWEST AND NORTHEAST OF THE INTERSECTION OF ROA,"SAN ANTONIO, TX",TX029,78259,TX,Site: EVANS ROAD PHASE 1,,,
EPA ECHO (TX),ECHO_TXR1541YU,TXR1541YU,Construction Stormwater NOI (1+ acre),2026-08-01,Bratjen Construction Company,,,,"WEST SIDE OF 35, SOUTH OF LOOP 288 33.25086 N, 97.","DENTON, TX",TX121,76207,TX,Site: HARRIS RANCH - PHASE 1,,,
EPA ECHO (TX),ECHO_TXR1562YU,TXR1562YU,Construction Stormwater NOI (1+ acre),2026-08-01,"Environmental Allies, LLC",,,,LAKEVIEW DRIVE,"SEALY, TX",TX015,77474,TX,Site: ALLENS CREEK,,,
EPA ECHO (TX),ECHO_TXR1505YT,TXR1505YT,Construction Stormwater NOI (1+ acre),2026-08-01,"Bayside Land Works, LLC",,,,EAST OF BAY AREA BOULEVARD BETWEEN PORT ROAD & CHO,"PASADENA, TX",TX201,77507,TX,Site: BAY AREA INDUSTRIAL,,,
EPA ECHO (TX),ECHO_TXR1536YT,TXR1536YT,Construction Stormwater NOI (1+ acre),2026-08-01,"The Struthoff Company, Inc.",,,,5800 E PARMER LN,"MANOR, TX",TX491,78653,TX,Site: MCDONALDS PARMER LN,,,
EPA ECHO (TX),ECHO_TXR1518YT,TXR1518YT,Construction Stormwater NOI (1+ acre),2026-08-01,"Toll Bros., Inc.",,,,"E OF BOIS D ARC LN, S OF FM 1093 & TEXAS HERITAGE","FULSHEAR, TX",TX157,77441,TX,Site: HERITAGE BEND TBPH SEC 1-4,,,
EPA ECHO (TX),ECHO_TXR1520YT,TXR1520YT,Construction Stormwater NOI (1+ acre),2026-08-01,"MLGP, LLC",,,,NORTHWEST OF BLUE MOUND ROAD & EAST BONDS RANCH RO,"FORT WORTH, TX",TX439,76052,TX,Site: COPPER RANCH ADDITION,,,
EPA ECHO (TX),ECHO_TXR1582YT,TXR1582YT,Construction Stormwater NOI (1+ acre),2026-08-01,Messer LLC,,,,1096 BOATCALLIE RD,"BRYAN, TX",TX041,77808,TX,Site: BRYAN ASU,,,
EPA ECHO (TX),ECHO_TXR1548YU,TXR1548YU,Construction Stormwater NOI (1+ acre),2026-08-01,"Principal Services, Ltd.",,,,SEC 14-16 & 19 ARE LOCATED IN THE CENTRAL-WESTERN,"MONTGOMERY, TX",TX339,77316,TX,Site: TWO STEP FARM,,,
EPA ECHO (TX),ECHO_TXR1545YT,TXR1545YT,Construction Stormwater NOI (1+ acre),2026-08-01,City Public Service Energy,,,,NE OF STAPPER RD & MILLER RD,"SAN ANTONIO, TX",TX029,78152,TX,Site: CLEARWATER CREEK WWTP,,,
EPA ECHO (TX),ECHO_TXR1506YU,TXR1506YU,Construction Stormwater NOI (1+ acre),2026-08-01,Joe Bland Construction LLC,,,,SITE IS LOCATED APPROXIMATELY 0.3 MILES EAST OF TH,"AUSTIN, TX",TX453,78747,TX,Site: EASTON PARK SOUTH SECTION 7,,,
EPA ECHO (TX),ECHO_TXR1529YU,TXR1529YU,Construction Stormwater NOI (1+ acre),2026-08-01,Turner Reed Energy LLC,,,,NORTHEAST OF MATON WY & SANTA RITA BLVD,"LIBERTY HILL, TX",TX491,78642,TX,Site: EL DORADO PHS 7 & 8,,,
EPA ECHO (TX),ECHO_TXR1563YT,TXR1563YT,Construction Stormwater NOI (1+ acre),2026-08-01,"Saber Power Services, LLC",,,,701 HIGHWAY 146 N,"TEXAS CITY, TX",TX167,77590,TX,Site: SOUTHERN SELECT BESS,,,
EPA ECHO (TX),ECHO_TXR1509YU,TXR1509YU,Construction Stormwater NOI (1+ acre),2026-08-01,Genesis Earthworks LLC,,,,EAST END OF FISHERMANS COVER DR EAST OF GRIFFITH R,"ABILENE, TX",TX441,79601,TX,Site: GRIFFITH LAKE ESTATES SECTION 3,,,
EPA ECHO (TX),ECHO_TXR1563YU,TXR1563YU,Construction Stormwater NOI (1+ acre),2026-08-01,Atmos Energy Corporation,,,,"CO RD 57, EAST OF W FM 455","CELINA, TX",TX085,75009,TX,Site: VILLAGES UPTOWN OFFSITE,,,
EPA ECHO (TX),ECHO_TXR1573YT,TXR1573YT,Construction Stormwater NOI (1+ acre),2026-08-01,Atmos Energy Corporation,,,,SOUTH OF WATKINS RD & NOBLE GRV,"LAVON, TX",TX085,75189,TX,Site: ELEVON SEC 5 PHS 2,,,
EPA ECHO (TX),ECHO_TXR1511YT,TXR1511YT,Construction Stormwater NOI (1+ acre),2026-08-01,"Beyer Construction, LLC",,,,APPROX. 900 YARDS SOUTHWEST FROM THE INTERSECTION,"HUFFMAN, TX",TX201,77336,TX,Site: SILA DR STREET DEDICATION & RESERVES SECTION 3,,,
EPA ECHO (TX),ECHO_TXR1508YT,TXR1508YT,Construction Stormwater NOI (1+ acre),2026-08-01,"LGI HOMES-TEXAS, LLC",,,,NORTHWEST OF PARK MEADOWS DRIVE & FM 1778,"COPEVILLE, TX",TX085,75442,TX,Site: MONTGOMERY FARMS - FORCE MAIN,,,
EPA ECHO (TX),ECHO_TXR1509YT,TXR1509YT,Construction Stormwater NOI (1+ acre),2026-08-01,Dynagrid Construction,,,,FM 1694 AND CO RD 48 ROBSTOWN,"ROBSTOWN, TX",TX355,78380,TX,Site: BEACON POINTE DATA CENTER,,,
EPA ECHO (TX),ECHO_TXR1547YU,TXR1547YU,Construction Stormwater NOI (1+ acre),2026-08-01,Ie US Development Holdings 7 Inc.,,,,1730 FM 540,"HAMLIN, TX",TX151,79520,TX,Site: IREN SWEETWATER 2 DATA CENTER PROJECT SUBSTATION ROUGH GRAD,,,
EPA ECHO (TX),ECHO_TXR1539YT,TXR1539YT,Construction Stormwater NOI (1+ acre),2026-08-01,Stansell Properties & Development LLC,,,,2104 S 1ST ST,"LUFKIN, TX",TX005,75901,TX,Site: CFA - LUFKIN RELO S LOOP CROSSING TX 6139,,,
EPA ECHO (TX),ECHO_TXR1569YT,TXR1569YT,Construction Stormwater NOI (1+ acre),2026-08-01,"Tri Pointe Homes Texas, Inc.",,,,APPROX. 500 FEET SOUTHEAST FROM THE INTERSECTION O,"CYPRESS, TX",TX201,77429,TX,Site: AZALEA TRAILS,,,
EPA ECHO (TX),ECHO_TXR1540YT,TXR1540YT,Construction Stormwater NOI (1+ acre),2026-08-01,"Rainsong Partnership, LLC",,,,APPROX. 250 YARDS NORTHWEST FROM THE INTERSECTION,"TEXAS CITY, TX",TX167,77591,TX,Site: COBBLESTONE,,,
EPA ECHO (TX),ECHO_TXR1540YU,TXR1540YU,Construction Stormwater NOI (1+ acre),2026-08-01,"W.T. Byler Co., LLC",,,,9.6 MILES NORTH OF W. GOMEZ RD AND INTERSTATE 10 S,"FORT STOCKTON, TX",TX371,79735,TX,Site: PECOS COUNTY INNOVATION CAMPUS,,,
EPA ECHO (TX),ECHO_TXR1523YT,TXR1523YT,Construction Stormwater NOI (1+ acre),2026-08-01,"K Construction, LLC",,,,NORTHWEST OF PARK MEADOWS DRIVE & FM 1778,"COPEVILLE, TX",TX085,75442,TX,Site: MONTGOMERY FARMS - FORCE MAIN,,,
EPA ECHO (TX),ECHO_TXR1548YT,TXR1548YT,Construction Stormwater NOI (1+ acre),2026-08-01,"DNT Construction, LLC",,,,EAST OF THE INTERSECTION OF GINGER CROSSING AND CA,"ELMENDORF, TX",TX029,78112,TX,Site: HICKORY RIDGE UNIT 3A,,,
EPA ECHO (TX),ECHO_TXR1517YU,TXR1517YU,Construction Stormwater NOI (1+ acre),2026-08-01,"SIEMENS ENERGY, INC.",,,,APPROX. 0.4 MILES NW OF INTERSECTION US HWY 271 &,"PARIS, TX",TX277,75462,TX,Site: ECHOLS GROVE SUBSTATION,,,
EPA ECHO (TX),ECHO_TXR1533YT,TXR1533YT,Construction Stormwater NOI (1+ acre),2026-08-01,Kinfolk Homes LLC,,,,1502 CLYDESDALE RD,"ARGYLE, TX",TX121,76226,TX,Site: EAGLE RIDGE,,,
EPA ECHO (TX),ECHO_TXR1513YT,TXR1513YT,Construction Stormwater NOI (1+ acre),2026-08-01,"Beyer Construction, LLC",,,,APPROX. 1100 FEET WEST FROM THE INTERSECTION OF FL,"CYPRESS, TX",TX201,77433,TX,Site: DUNHAM POINTE SECTION 18,,,
EPA ECHO (TX),ECHO_TXR1524YU,TXR1524YU,Construction Stormwater NOI (1+ acre),2026-08-01,Josh  Weems,,,,1505 QUINCY AVE,"LUBBOCK, TX",TX303,79416,TX,Site: BURGAMY PARK,,,
EPA ECHO (TX),ECHO_TXR1507YU,TXR1507YU,Construction Stormwater NOI (1+ acre),2026-08-01,"Dc Contracting Services, LLC",,,,W OF FM 3083 & APPROX. 1.35 MILES NW OF FM 3083 &,"CONROE, TX",TX339,77302,TX,Site: GRANGER POINTE,,,
EPA ECHO (TX),ECHO_TXR1599YS,TXR1599YS,Construction Stormwater NOI (1+ acre),2026-08-01,"Associated Construction Partners, Ltd",,,,SITE IS LOCATED APPROXIMATELY 0.5 MILES EAST OF TH,"CAMERON, TX",TX331,76520,TX,Site: LITTLE RIVER PUMP STATION,,,
EPA ECHO (TX),ECHO_TXR1538YU,TXR1538YU,Construction Stormwater NOI (1+ acre),2026-08-01,"DNT Construction, LLC",,,,NORTHWEST OF THE INTERSECTION OF AMMANN ROAD AND F,"FAIR OAKS RANCH, TX",TX259,78015,TX,Site: POST OAK PHASE 1,,,
EPA ECHO (TX),ECHO_TXR1541YT,TXR1541YT,Construction Stormwater NOI (1+ acre),2026-08-01,The Whiting-Turner Contracting Company,,,,5901 HERGOTZ LANE,"AUSTIN, TX",TX453,78742,TX,Site: PROJECT TOASTER - FACTORY 1 OFFSITE UTILITY RELOCATION,,,
EPA ECHO (TX),ECHO_TXR1558YT,TXR1558YT,Construction Stormwater NOI (1+ acre),2026-08-01,"Restek Services, LLC",,,,1000 FM 2004 RD,"LA MARQUE, TX",TX167,77568,TX,Site: GULF GREYHOUND DEMO,,,
EPA ECHO (TX),ECHO_TXR1583YT,TXR1583YT,Construction Stormwater NOI (1+ acre),2026-08-01,City Public Service Energy,,,,SE OF SCHUWIRTH RD & E LOOP 1604 N,"SAN ANTONIO, TX",TX029,78109,TX,Site: CHASIN HEIGHTS UNIT 10,,,
EPA ECHO (TX),ECHO_TXR1584YT,TXR1584YT,Construction Stormwater NOI (1+ acre),2026-08-01,Adventures Outback L.P.,,,,1300 DITTMAR ROAD,"AUSTIN, TX",TX453,78745,TX,Site: NOVEL AMENITY CENTER,,,
EPA ECHO (TX),ECHO_TXR1565YT,TXR1565YT,Construction Stormwater NOI (1+ acre),2026-08-01,"Tellus Texas Iii, LLC",,,,E FM 455 FROM S INTERURBAN STREET TO CR 424,"ANNA, TX",TX085,75409,TX,Site: SHERLEY FARMS FORCE MAIN,,,
EPA ECHO (TX),ECHO_TXR1575YT,TXR1575YT,Construction Stormwater NOI (1+ acre),2026-08-01,Space Exploration Technologies Corp.,,,,NORTH OF HWY 4 APPROXIMATELY 1 MILE WEST OF THE IN,"BROWNSVILLE, TX",TX061,78521,TX,Site: SPACEX - HATCHET PROJECT SITE,,,
EPA ECHO (TX),ECHO_TXR1512YU,TXR1512YU,Construction Stormwater NOI (1+ acre),2026-08-01,Gilleland Smith Construction Incorporated,,,,"W OF FM 1486, S OF LEGENDARY BLVD., APPROX 2 MILES","MONTGOMERY, TX",TX339,77316,TX,Site: MG COUNTIES 146C KRESSTON WWTP PH 1,,,
EPA ECHO (TX),ECHO_TXR1502YT,TXR1502YT,Construction Stormwater NOI (1+ acre),2026-08-01,"Drb Group Texas, LLC",,,,C.BUD STOCKTON LOOP AND CITATION DR.,"JARRELL, TX",TX491,76537,TX,Site: CALUMET,,,
EPA ECHO (TX),ECHO_TXR1543YT,TXR1543YT,Construction Stormwater NOI (1+ acre),2026-08-01,City Public Service Energy,,,,SE OF SOMERSET RD & TITAN XING,"SAN ANTONIO, TX",TX029,78073,TX,Site: TMM SOMERSET UNIT 4,,,
EPA ECHO (TX),ECHO_TXR1555YU,TXR1555YU,Construction Stormwater NOI (1+ acre),2026-08-01,"Oht Construction North, LLC",,,,251 W PETER SMITH STREET,"FORT WORTH, TX",TX439,76104,TX,Site: THE BONNIE,,,
EPA ECHO (TX),ECHO_TXR1546YU,TXR1546YU,Construction Stormwater NOI (1+ acre),2026-08-01,"Stylecraft Builders, INC.",,,,CONTRERAS LANE. EAST OF THE INTERSECTION OF LIGHTF,"BRYAN, TX",TX041,77803,TX,Site: MAJESTIC POINTE,,,
EPA ECHO (TX),ECHO_TXR1524YT,TXR1524YT,Construction Stormwater NOI (1+ acre),2026-08-01,"Yc Partners, LLC",,,,SOUTHEAST OF THE INTERSECTION OF HUBER RD AND RUDE,"SEGUIN, TX",TX187,78155,TX,Site: WALNUT BRANCH SUBDIVISION UNIT 1,,,
EPA ECHO (TX),ECHO_TXR1578YT,TXR1578YT,Construction Stormwater NOI (1+ acre),2026-08-01,M. A. Mortenson Company,,,,NEAR THE INTERSECTION OF US HWY 287 W AND FM 2384,"ELECTRA, TX",TX485,76360,TX,Site: WICHITA SOLAR SOUTH,,,
EPA ECHO (SD),ECHO_SDR10P5VA,SDR10P5VA,Construction Stormwater NOI (1+ acre),2026-07-10,Lloyd Construction,,,,4500 E CYNTHIA DR,"SIOUX FALLS, SD",,57110,SD,Site: ROSA PARKS DEVELOPMENT,,,
EPA ECHO (NM),ECHO_NMR100810,NMR100810,Construction Stormwater NOI (1+ acre),2026-07-10,Rio Arriba County,,,,19418 US-285,"HERNANDEZ, NM",,87537,NM,Site: HERNANDEZ PARK PROJECT,,,
EPA ECHO (IL),ECHO_ILR10ZH5Y,ILR10ZH5Y,Construction Stormwater NOI (1+ acre),2026-07-10,TBD,,,,1333 W. 7TH STREET,"GRANITE, IL",,62040,IL,Site: BISSELL STREET AND E STREET LOT,,,
EPA ECHO (ND),ECHO_NDR10I06W,NDR10I06W,Construction Stormwater NOI (1+ acre),2026-07-10,Flickertail Paving & Supply,,,,BRAVES BLVD,"BELCOURT, ND",,58316,ND,Site: BELCOURT SCHOOL DISTRICT FOOTBALL FIELD PARKING LOT,,,
EPA ECHO (PR),ECHO_PRR1000MW,PRR1000MW,Construction Stormwater NOI (1+ acre),2026-07-10,Puerto Rico Aqueduct and Sewer Authority,,,,PR-9934 CEIBA SUR WARD,"JUNCOS, PR",,00777,PR,Site: VALENCIANO WTP FIRST STAGE & IMPROVEMENTS TO CEIBA SUR RAW WATER INTAKE,,,
EPA ECHO (PR),ECHO_PRR1000MY,PRR1000MY,Construction Stormwater NOI (1+ acre),2026-07-10,Puerto Rico Aqueduct and Sewer Authority,,,,SECTOR EL MANÍ,"MAYAGUEZ, PR",,00682,PR,Site: IMPROVEMENTS TO MAYAGUEZ REGIONAL WASTE WATER TREATMENT PLANT,,,
EPA ECHO (IL),ECHO_ILR10ZH62,ILR10ZH62,Construction Stormwater NOI (1+ acre),2026-07-10,"OA Plainfield(Chicago) ASLI VI, LLC   c/o Moda Homes",,,,ALISON ROAD AT DRAUDEN ROAD,"PLAINFIELD, IL",,60544,IL,Site: SPRINGBANK UNIT 3A,,,
EPA ECHO (NM),ECHO_NMR100811,NMR100811,Construction Stormwater NOI (1+ acre),2026-07-10,Richardson Van Leeuwen Construction LLC,,,,3473 CERRILLOS RD,"SANTA FE, NM",,87507,NM,Site: THE PINION AT THE CERRILLOS,,,
EPA ECHO (PR),ECHO_PRR1000MX,PRR1000MX,Construction Stormwater NOI (1+ acre),2026-07-10,Puerto Rico Aqueduct and Sewer Authority,,,,STATE ROAD PR-156 (INTERIOR),"CAGUAS, PR",,00725,PR,Site: SANITARY TRUNK SEWER LINE AGUAS BUENAS - CAGUAS PHASE III,,,
EPA ECHO (PR),ECHO_PRR1000MZ,PRR1000MZ,Construction Stormwater NOI (1+ acre),2026-07-10,Puerto Rico Aqueduct and Sewer Authority,,,,"CALLE MIRAMELINDA INTERIOR, GURABO RIVER, MAMEY","GURABO, PR",,00778,PR,Site: DESIGN AND BUILD FOR THE JUNCOS GURABO SANITARY TRUNK SEWER REHABILITATION,,,
EPA ECHO (NH),ECHO_NHR1002B9,NHR1002B9,Construction Stormwater NOI (1+ acre),2026-07-10,M.J. Electric,,,,K174 ROW,"MULTIPLE, NH",,03743,NH,Site: K174 TRANSMISSION LINE STRUCTURE REPLACEMENT PROJECT,,,
EPA ECHO (AL),ECHO_ALR10C89T,ALR10C89T,Construction Stormwater NOI (1+ acre),2026-07-09,The Water Works and Sewer Board of the City of Demopolis,,,,2424 US HIGHWAY 43,"DEMOPOLIS, AL",AL091,36732,AL,Site: DEMOPOLIS 18-MILE FORCEMAIN-PHASE 1,,,
EPA ECHO (SC),ECHO_SCR10ZLCG,SCR10ZLCG,Construction Stormwater NOI (1+ acre),2026-07-09,Eric Skoloff,,,,DARWIN AVE AND RECTOR ST,"GREENVILLE, SC",SC045,29607,SC,Site: TRAILMARK TOWNES,,,
EPA ECHO (MA),ECHO_MAR1006F0,MAR1006F0,Construction Stormwater NOI (1+ acre),2026-07-09,"Northern Construction Service, LLC",,,,MAIN STREET,"WILMINGTON, MA",,01887,MA,Site: MA ROUTE 38 RECONSTRUCTION,,,
EPA ECHO (MN),ECHO_MNR10I03R,MNR10I03R,Construction Stormwater NOI (1+ acre),2026-07-09,"Red Lake Builder, Inc.",,,,RESERVATION HIGHWAY 12,"PUPOSKY, MN",,56667,MN,Site: THUNDER LAKE ROAD EAST CORRIDOR EXTENSION,,,
EPA ECHO (AL),ECHO_ALR10C6EH,ALR10C6EH,Construction Stormwater NOI (1+ acre),2026-07-09,Summit Structures Inc,,,,336 GREEN COVE RD.,"HUNTSVILLE, AL",AL089,35803,AL,Site: VICTORY SWEEPERS,,,
EPA ECHO (AL),ECHO_ALR10BHU2,ALR10BHU2,Construction Stormwater NOI (1+ acre),2026-07-09,City of Huntsville,,,,320 FOUNTAIN CIRCLE,"HUNTSVILLE, AL",AL089,35801,AL,Site: REDSTONE GATEWAY GREENWAY,,,
EPA ECHO (AL),ECHO_ALR10C5PA,ALR10C5PA,Construction Stormwater NOI (1+ acre),2026-07-09,"Skinnypop28, LLC",,,,351-355 FOSTER ST,"AUBURN, AL",AL081,36832,AL,Site: SLAUGHTERS RESERVE SUBDIVISION,,,
EPA ECHO (FL),ECHO_FLR10YP12,FLR10YP12,Construction Stormwater NOI (1+ acre),2026-07-09,PS Construction,,,,DEKALB AVE,"KEY WEST, FL",,33040,FL,Site: 230 CHAPEL,,,
EPA ECHO (AL),ECHO_ALR10C89Z,ALR10C89Z,Construction Stormwater NOI (1+ acre),2026-07-09,JHM Capital LLC,,,,ROSELYN ROAD,"BESSEMER, AL",AL073,35022,AL,Site: GREENWOOD HOMESTEADS,,,
EPA ECHO (FL),ECHO_FLR10YP11,FLR10YP11,Construction Stormwater NOI (1+ acre),2026-07-09,"JJB South, LLC",,,,5200 CAPTAIN CHANNING PAGE DR,"FORT MYERS, FL",,33907-1425,FL,Site: MULTI USE HANGAR AND RAMP,,,
EPA ECHO (AL),ECHO_ALR10C1AG,ALR10C1AG,Construction Stormwater NOI (1+ acre),2026-07-09,"Edgewater Land, LLC",,,,800 COUNTY ROAD 202,"CRANE HILL, AL",AL043,35053,AL,Site: SMITH LAKE RV & CABIN RESORT,,,
EPA ECHO (SC),ECHO_SCR10ZLCH,SCR10ZLCH,Construction Stormwater NOI (1+ acre),2026-07-09,Tony Hanson,,,,7044 MUTE SWAN HVN,"CLOVER, SC",SC091,29710,SC,Site: SOUTHERN PINE LAKES SUBDIVISION LOT 23,,,
EPA ECHO (SC),ECHO_SCR10ZLCM,SCR10ZLCM,Construction Stormwater NOI (1+ acre),2026-07-09,Michael Maloney,,,,200 BLYTHEWOOD RD,"BLYTHEWOOD, SC",SC079,29016,SC,Site: CREECH STREET,,,
EPA ECHO (AL),ECHO_ALR10C55R,ALR10C55R,Construction Stormwater NOI (1+ acre),2026-07-09,"D.R. Horton, Inc. - Birmingham",,,,HIGHWAY 22,"CALERA, AL",AL117,35115,AL,Site: D.R. HORTON - ABERDEEN,,,
EPA ECHO (AL),ECHO_ALR10C7J4,ALR10C7J4,Construction Stormwater NOI (1+ acre),2026-07-09,CENERGY OIL AND GAS LLC,,,,495 SOUTH FOREST AVE.,"LUVERNE, AL",AL041,36049,AL,Site: CENERGY LUVERNE SITE,,,
EPA ECHO (IL),ECHO_ILR10ZH5X,ILR10ZH5X,Construction Stormwater NOI (1+ acre),2026-07-09,Cook Excavating & Tiling LLC,,,,9899 OLD INDIAN TRAIL ROAD,"CHATHAM, IL",,62629,IL,Site: SCHNIRRING SANCTUARY,,,
EPA ECHO (AL),ECHO_ALR10C5B2,ALR10C5B2,Construction Stormwater NOI (1+ acre),2026-07-09,Grayson Carter and Son Contracting,,,,HIGHWAY 72,"MADISON, AL",AL083,35756,AL,Site: LIMESTONE COUNTY FLEA MARKET SITE,,,
EPA ECHO (AL),ECHO_ALR10C7S4,ALR10C7S4,Construction Stormwater NOI (1+ acre),2026-07-09,Alabama Power Company,,,,244 DEXTER AVENUE,"BIRMINGHAM, AL",AL087,36104,AL,Site: THURLOW DAM - UNION SPRINGS TS NORTH,,,
EPA ECHO (AL),ECHO_ALR10C8A1,ALR10C8A1,Construction Stormwater NOI (1+ acre),2026-07-09,"Parkway Place at Eastchase, LLC",,,,EASTCHASE PARKWAY,"MONTGOMERY, AL",AL101,36117,AL,Site: PARKWAY PLACE,,,
EPA ECHO (AL),ECHO_ALR10C5P3,ALR10C5P3,Construction Stormwater NOI (1+ acre),2026-07-09,"Webb Construction Group, Inc.",,,,522 W THACH AVE,"AUBURN, AL",AL081,36832,AL,Site: AUBURN UNIVERSITY FARMHOUSE FRATERNITY,,,
EPA ECHO (AL),ECHO_ALR10C66V,ALR10C66V,Construction Stormwater NOI (1+ acre),2026-07-09,D. R. Horton Inc. - Birmingham,,,,FINN TERRACE,"AUBURN, AL",AL081,36830,AL,Site: D. R. HORTON - THE PRESERVE,,,
EPA ECHO (AL),ECHO_ALR10C89V,ALR10C89V,Construction Stormwater NOI (1+ acre),2026-07-09,"Meritage Homes of Alabama, Inc.",,,,MARCH ROAD,"THEODORE, AL",AL097,36582,AL,Site: WILLOW CREEK SUBDIVISION,,,
EPA ECHO (IL),ECHO_ILR10ZH5Z,ILR10ZH5Z,Construction Stormwater NOI (1+ acre),2026-07-09,Hargrave Builders,,,,37W073 HUNTLEY ROAD,"CARPENTERSVILLE, IL",,60118,IL,Site: FOX VALLEY CHURCH SITE IMPROVEMENTS,,,
EPA ECHO (SC),ECHO_SCR10ZLCF,SCR10ZLCF,Construction Stormwater NOI (1+ acre),2026-07-09,Randall Bentley,,,,(UNKNOWN ADDRESS),"(UNKNOWN CITY), SC",SC045,00000,SC,Site: FIVE FORKS METHODIST CHURCH,,,
EPA ECHO (SC),ECHO_SCR10ZLC8,SCR10ZLC8,Construction Stormwater NOI (1+ acre),2026-07-09,Rick Dilsavor,,,,4215 CALHOUN MEMORIAL HWY,"EASLEY, SC",SC077,296409073,SC,Site: RIDGE III,,,
EPA ECHO (AL),ECHO_ALR10AH65,ALR10AH65,Construction Stormwater NOI (1+ acre),2026-07-09,"Wright Brothers Construction Company, Inc",,,,GREEN DRIVE,"PINSON, AL",AL073,35126,AL,Site: GREEN-AMBERSON PROPERTY,,,
EPA ECHO (SC),ECHO_SCR10ZLCC,SCR10ZLCC,Construction Stormwater NOI (1+ acre),2026-07-09,Matthew Stiene,,,,BUCKWALTER PKWY,"BLUFFTON, SC",SC013,29910,SC,Site: NOVANT HEALTH BLUFFTON MEDICAL CENTER,,,
EPA ECHO (ID),ECHO_IDR10C25M,IDR10C25M,Construction Stormwater NOI (1+ acre),2026-07-09,Shambaugh & Son,,,,3450 NORTH KIMBERLY ROAD,"TWIN FALLS, ID",ID083,83301,ID,Site: CHOBANI IHBM,,,
EPA ECHO (SC),ECHO_SCR10ZLC7,SCR10ZLC7,Construction Stormwater NOI (1+ acre),2026-07-09,Curtis Steading,,,,1836 E POINSETT STREET EXT,"GREER, SC",SC083,296516324,SC,Site: POINSETT RV PARK PHASE 2,,,
EPA ECHO (AL),ECHO_ALR10C66Q,ALR10C66Q,Construction Stormwater NOI (1+ acre),2026-07-09,"Lennar Homes of Alabama, LLC",,,,SOUTHWEST OF LUCAS FERRY RD. & QUINN RD.,"ATHENS, AL",AL083,35611,AL,"Site: COVINGTON COVE, RESIDENTIAL LOTS",,,
EPA ECHO (AL),ECHO_ALR10C2UL,ALR10C2UL,Construction Stormwater NOI (1+ acre),2026-07-09,"MD Real Estate Holdings, LLC",,,,"VFW ROAD, AUBURN AL","AUBURN, AL",AL081,36830,AL,Site: GROVE HILL SUBDIVISION,,,
EPA ECHO (AL),ECHO_ALR10C89Y,ALR10C89Y,Construction Stormwater NOI (1+ acre),2026-07-09,"BRE MAIN STREET, LLC",,,,SW CORNER OF THE INTERSECTION OF WATTERSON PKWY AN,"TRUSSVEILLE, AL",AL073,35173,AL,Site: MAIN STREET VILLAGE,,,
EPA ECHO (AL),ECHO_ALR10C24Z,ALR10C24Z,Construction Stormwater NOI (1+ acre),2026-07-09,"CTK Property Group, LLC",,,,ROYAL DRIVE & WESTCHESTER ROAD,"MADISON, AL",AL089,35758,AL,Site: ROYAL DRIVE WAREHOUSES,,,
EPA ECHO (SC),ECHO_SCR10ZLCB,SCR10ZLCB,Construction Stormwater NOI (1+ acre),2026-07-09,Mauricio Delgado,,,,1610 CHURCH STREET,"CONWAY, SC",SC051,29526,SC,Site: CHASE BANK - CONWAY,,,
EPA ECHO (SC),ECHO_SCR10ZLCK,SCR10ZLCK,Construction Stormwater NOI (1+ acre),2026-07-09,Eric Cothran,,,,191 GLOBAL COURT,"GREER, SC",SC083,29651,SC,Site: COTHRAN LAYDOWN YARD,,,
EPA ECHO (AL),ECHO_ALR10AZ25,ALR10AZ25,Construction Stormwater NOI (1+ acre),2026-07-09,"Embassy Homes, LLC",,,,LAKE CYRUS CLUB DRIVE,"HOOVER, AL",AL073,35244,AL,Site: LAKE CYRUS SECTOR 21,,,
EPA ECHO (SD),ECHO_SDR10P5XM,SDR10P5XM,Construction Stormwater NOI (1+ acre),2026-07-09,Superior Grain Equipment,,,,28777 SUPERIOR PLACE,"BERESFORD, SD",,57004,SD,Site: SUPERIOR MANUFACTURING SITE AND DRAINAGE IMPROVEMENTS,,,
EPA ECHO (NM),ECHO_NMR10080Y,NMR10080Y,Construction Stormwater NOI (1+ acre),2026-07-09,"TA Land Company I, LLC",,,,NW CORNER OF UNSER BLVD. SW & ANDERSON HILL AVE.,"ALBUQUERQUE, NM",,87121,NM,"Site: TA LANDS SUBDIVISION PHASE I, UNSER BLVD., AND BACKBONE STORM DRAIN",,,
EPA ECHO (AL),ECHO_ALR10C7LB,ALR10C7LB,Construction Stormwater NOI (1+ acre),2026-07-09,"Skinnypop28, LLC",,,,3749 OPELIKA RD,"PHENIX CITY, AL",AL113,36870,AL,Site: RASMUS DUPLEXES,,,
EPA ECHO (NM),ECHO_AZR10I1II,AZR10I1II,Construction Stormwater NOI (1+ acre),2026-07-09,Navajo Area Indian Health Service,,,,TWIN LAKES CHAPTER,"GALLUP, NM",,87301,NM,"Site: NA-22-LL8, GALLUP EAST SCATTERED 2021",,,
EPA ECHO (NM),ECHO_NMR10080Z,NMR10080Z,Construction Stormwater NOI (1+ acre),2026-07-09,"Mountain States Constructors, Inc.",,,,ROCK CANYON ROAD & I-25,"TRUTH OR CONSEQUENCES, NM",,87901,NM,Site: I-25 EXIT 89 HMA PLANT,,,
EPA ECHO (AL),ECHO_ALR10C0U9,ALR10C0U9,Construction Stormwater NOI (1+ acre),2026-07-09,Newcastle Homes Inc.,,,,BOBBY MILLER PARKWAY,"TUSCALOOSA, AL",AL125,35405,AL,Site: HAVENRIDGE,,,
EPA ECHO (AL),ECHO_ALR10C76W,ALR10C76W,Construction Stormwater NOI (1+ acre),2026-07-09,Gregg Black,,,,558 HUGHES RD,"COLUMBIANA, AL",AL117,35051,AL,Site: BLACK FAMILY PROPERTY,,,
EPA ECHO (AL),ECHO_ALR10C7MH,ALR10C7MH,Construction Stormwater NOI (1+ acre),2026-07-09,"Lennar Homes of Alabama, LLC",,,,NORTH OF BURNINGTREE DR. SE & FOXWOOD DR. SE,"DECATUR, AL",AL103,35603,AL,"Site: FOXWOOD, RESIDENTIAL LOTS",,,
EPA ECHO (AL),ECHO_ALR10C89Q,ALR10C89Q,Construction Stormwater NOI (1+ acre),2026-07-09,Lawrence County Road Department,,,,HIGHWAY 20 AND COUNTY ROAD 585,"COURTLAND, AL",AL079,35618,AL,Site: LAWRENCE COUNTY CR 585,,,
EPA ECHO (AZ),ECHO_AZR10I1IJ,AZR10I1IJ,Construction Stormwater NOI (1+ acre),2026-07-09,Kris Bell,,,,"SEED FARM RD, SACATON, AZ 85147","SACATON, AZ",,85147,AZ,Site: SOUTHWEST GAS PIPELINE RELOCATION AT SEED FARM ROAD AND INTERSTATE 10,,,
EPA ECHO (AL),ECHO_ALR10C89W,ALR10C89W,Construction Stormwater NOI (1+ acre),2026-07-09,"Faith, Hope and Charity Missionary Baptist Church of Roanoke, Alabama",,,,WILDER IND. BOULEVARD,"ROANOKE, AL",AL111,36274,AL,Site: FAITH BAPTIST CHURCH,,,
EPA ECHO (AL),ECHO_ALR10C89U,ALR10C89U,Construction Stormwater NOI (1+ acre),2026-07-09,City of Huntsville,,,,EAST OF INTERSECTION OF ISLAND CIRCLE AND LEEMAN F,"HUNTSVILLE, AL",AL089,35801,AL,Site: RECREATION CENTER AT JOHN HUNT PARK,,,
EPA ECHO (AL),ECHO_ALR10C89N,ALR10C89N,Construction Stormwater NOI (1+ acre),2026-07-09,"Meritage Homes of Alabama, Inc.",,,,11140 OLD HWY 31,"SPANISH FORT, AL",AL003,36527,AL,Site: CHARLOTTE LANDING,,,
EPA ECHO (MA),ECHO_MAR1006EZ,MAR1006EZ,Construction Stormwater NOI (1+ acre),2026-07-09,DALYHOLDCO,,,,583 METHUEN STREET,"DRACUT, MA",,01826,MA,Site: BURGESS FARM,,,
EPA ECHO (AL),ECHO_ALR10C2XJ,ALR10C2XJ,Construction Stormwater NOI (1+ acre),2026-07-09,"Cherokee Ridge Development, LLC",,,,4000 CHEROKEE RIDGE DRIVE,"UNION GROVE, AL",AL095,35175,AL,Site: CHEROKEE DEVELOPMENT IN UNION GROVE,,,
EPA ECHO (AL),ECHO_ALR10C89S,ALR10C89S,Construction Stormwater NOI (1+ acre),2026-07-09,"Industrial Dumpster Services, LLC",,,,40 E FLEMING RD,"MONTGOMERY, AL",AL101,36105,AL,Site: 40 E FLEMING RD,,,
EPA ECHO (MA),ECHO_MAR1006F1,MAR1006F1,Construction Stormwater NOI (1+ acre),2026-07-09,"VTT Management, Inc.",,,,"101-121 CONCORD ST & 0, 54, 60, 80 KENDALL STREET","FRAMINGHAM, MA",,01702,MA,Site: KENDALL STREET APARTMENTS,,,
EPA ECHO (AL),ECHO_ALR10C0MZ,ALR10C0MZ,Construction Stormwater NOI (1+ acre),2026-07-09,"CJI, LLC",,,,DORADO WAY,"GULF SHORES, AL",AL003,36542,AL,Site: THE COLONY AT FORT MORGAN PHASE 2,,,
EPA ECHO (IL),ECHO_ILR10ZH5W,ILR10ZH5W,Construction Stormwater NOI (1+ acre),2026-07-09,GenPro Energy Solutions,,,,14080 WITT AVE,"IRVING TOWNSHIP, IL",,62049,IL,Site: PLAINS SOLAR PROJECT,,,
EPA ECHO (AL),ECHO_ALR10C89R,ALR10C89R,Construction Stormwater NOI (1+ acre),2026-07-09,Riviera Utilities,,,,25575 OLD FOLEY RD EXT E,"FOLEY, AL",AL003,36535,AL,Site: RIVIERA EASEMENT CROSSING,,,
EPA ECHO (AL),ECHO_ALR10C5L1,ALR10C5L1,Construction Stormwater NOI (1+ acre),2026-07-09,"SDH Alabama, LLC",,,,MEADOWS ROAD AND CRESTED LARK DR,"ATHENS, AL",AL083,35614,AL,Site: ABBEY BROOKE,,,
EPA ECHO (AL),ECHO_ALR10C78Q,ALR10C78Q,Construction Stormwater NOI (1+ acre),2026-07-09,Dennis Mullins,,,,5 LOTS WITHIN WINCHESTER RIDGE,"PRATTVILLE, AL",AL001,36067,AL,Site: WINCHESTER RIDGE LOTS,,,
EPA ECHO (AL),ECHO_ALR10C7MP,ALR10C7MP,Construction Stormwater NOI (1+ acre),2026-07-09,"Grayson Carter and Son Contracting, Inc.",,,,ARSENAL ROAD,"REDSTONE ARSENAL, AL",AL089,35802,AL,Site: RSA 8876 NEW TEST STAND,,,
EPA ECHO (NM),ECHO_NMR10080X,NMR10080X,Construction Stormwater NOI (1+ acre),2026-07-09,Jaynes Corporation,,,,709 MECHEM DR,"RUIDOSO, NM",,88345,NM,Site: RUIDOSO WORKFORCE TRAINING BUILDING,,,
EPA ECHO (IL),ECHO_ILR10ZH61,ILR10ZH61,Construction Stormwater NOI (1+ acre),2026-07-09,Peter Baker & Son Co.,,,,W SCHLOSSER COURT,"WADSWORTH, IL",,60083,IL,Site: 2026 VARIOUS ROAD AND DRAINAGE IMPROVEMENTS,,,
EPA ECHO (SC),ECHO_SCR10ZLCJ,SCR10ZLCJ,Construction Stormwater NOI (1+ acre),2026-07-09,Roman Cholak,,,,APPLE ORCHARD ROAD,"INMAN, SC",SC083,29349,SC,Site: BLACKBERRY ESTATES,,,
EPA ECHO (AL),ECHO_ALR10C0V3,ALR10C0V3,Construction Stormwater NOI (1+ acre),2026-07-09,"Reliable Partners, LLC",,,,TROJAN PARKWAY,"TROY, AL",AL109,36079,AL,Site: WALTERS BRANCH PLAT NO. 1,,,
EPA ECHO (AL),ECHO_ALR10C6Q5,ALR10C6Q5,Construction Stormwater NOI (1+ acre),2026-07-09,"Showtime Properties, LLC",,,,"NORTH AND EAST OF HWY 16 (8TH AVE), JUST WEST OF C","CALERA, AL",AL117,35040,AL,Site: CALERA PROPERTY,,,
EPA ECHO (AL),ECHO_ALR10C0WS,ALR10C0WS,Construction Stormwater NOI (1+ acre),2026-07-09,"DiBenedetto Enterprises, LLC",,,,INTERSECTION OF WAVERLY PKWY AND VETERANS PKWY,"OPELIKA, AL",AL081,36801,AL,Site: WAVERLY & VETERANS PUD,,,
EPA ECHO (AL),ECHO_ALR10C89P,ALR10C89P,Construction Stormwater NOI (1+ acre),2026-07-09,"RABREN EXCAVATION, LLC",,,,HIVE COMMERCE PKWY,"AUBURN, AL",AL081,36832,AL,Site: BEEHIVE PARK-AUBURN,,,
EPA ECHO (AL),ECHO_ALR10C2BM,ALR10C2BM,Construction Stormwater NOI (1+ acre),2026-07-09,"Two Wrongs Make a Right, LLC",,,,BRAMBLE CREEK DRIVE,"MERIDIANVILLE, AL",AL089,35759,AL,Site: BRIERCREEK PHASE 6,,,
EPA ECHO (SC),ECHO_SCR10ZLCL,SCR10ZLCL,Construction Stormwater NOI (1+ acre),2026-07-09,Brandon Graham,,,,220 AUSTIN GRAYBILL ROAD,"NORTH AUGUSTA, SC",SC003,29860,SC,Site: HOME 2 SUITES - NORTH AUGUSTA,,,
EPA ECHO (AL),ECHO_ALR10C6DG,ALR10C6DG,Construction Stormwater NOI (1+ acre),2026-07-09,"D.R. Horton, Inc.",,,,1904 PHILLIPS DRIVE,"SCOTTSBORO, AL",AL071,35769,AL,Site: JACKSON BEND LOTS,,,
EPA ECHO (SC),ECHO_SCR10ZLC9,SCR10ZLC9,Construction Stormwater NOI (1+ acre),2026-07-09,Iris Griffin,,,,100 URQUHART DRIVE,"BEECH ISLAND, SC",SC003,29842,SC,"Site: DOMINION ENERGY SOUTH CAROLINA, INC./URQUHART STATION",,,
EPA ECHO (AL),ECHO_ALR10C71B,ALR10C71B,Construction Stormwater NOI (1+ acre),2026-07-09,"Blue Sky, LLC",,,,2525 INTERSTATE DR.,"OPELIKA, AL",AL081,36801,AL,Site: INTERSTATE DR. MEDICAL OFFICES,,,
EPA ECHO (AL),ECHO_ALR10C89X,ALR10C89X,Construction Stormwater NOI (1+ acre),2026-07-09,"Centennial Homes, LLC",,,,END OF WATERFRONT WAY,"ALEXANDER CITY, AL",AL123,35010,AL,"Site: LOTS 2 & 3, SHINER'S COVE PLAT NO. 1",,,
EPA ECHO (SC),ECHO_SCR10ZLCE,SCR10ZLCE,Construction Stormwater NOI (1+ acre),2026-07-09,Allen Smith,,,,7200 AUGUSTA RD,"PIEDMONT, SC",SC045,296739648,SC,Site: 7200 AUGUSTA ROAD RECREATIONAL FIELD,,,
EPA ECHO (AL),ECHO_ALR10C7DG,ALR10C7DG,Construction Stormwater NOI (1+ acre),2026-07-09,"Carbine Construction Company, Inc.",,,,122 HIGHWAY 43 S,"TUSCUMBIA, AL",AL033,356744702,AL,Site: HYUNDAI OF MUSCLE SHOALS,,,
EPA ECHO (AL),ECHO_ALR10C1ZR,ALR10C1ZR,Construction Stormwater NOI (1+ acre),2026-07-09,"Grayson Carter & Son Contracting, Inc.",,,,TURNER LANE,"TONEY, AL",AL083,35773,AL,Site: TURNER LANE SITE,,,
EPA ECHO (AL),ECHO_ALR10C8A0,ALR10C8A0,Construction Stormwater NOI (1+ acre),2026-07-09,"Game Day Athletic Surfaces, Inc.",,,,5476 CALDWELL MILL RD,"BIRMINGHAM, AL",AL117,35242,AL,Site: OAK MTN HS BB AND SB,,,
EPA ECHO (AL),ECHO_ALR10C89M,ALR10C89M,Construction Stormwater NOI (1+ acre),2026-07-09,"Conecuh Sausage Company, Inc",,,,181 PROGRESS DRIVE,"ANDALUSIA, AL",AL039,36421,AL,Site: CONECUH SAUSAGE EXPANSION,,,
EPA ECHO (SC),ECHO_SCR10ZLCA,SCR10ZLCA,Construction Stormwater NOI (1+ acre),2026-07-09,Eric Wall,,,,(UNKNOWN ADDRESS),"(UNKNOWN CITY), SC",SC019,00000,SC,Site: 500 EAST BAY STREET,,,
EPA ECHO (IL),ECHO_ILR10ZH6J,ILR10ZH6J,Construction Stormwater NOI (1+ acre),2026-07-09,Clover Construction Management West Corp.,,,,ORCHARD GATEWAY BLVD.,"NORTH AURORA, IL",,60542,IL,Site: NORTH AURORA SENIOR APARTMENTS,,,
EPA ECHO (IL),ECHO_ILR10ZH60,ILR10ZH60,Construction Stormwater NOI (1+ acre),2026-07-09,TBD,,,,1840 MAY ROAD,"PERU, IL",,61354,IL,Site: SUNRISE HOSPITALITY TOWNEPLACE SUITES BY MARRIOTT,,,
EPA ECHO (SD),ECHO_SDR10P5Y3,SDR10P5Y3,Construction Stormwater NOI (1+ acre),2026-07-08,Lloyd Construction,,,,2540 PARAMOUNT DR,"SPEARFISH, SD",,57783,SD,Site: PEAK VIEW II,,,
EPA ECHO (SD),ECHO_SDR10P5VY,SDR10P5VY,Construction Stormwater NOI (1+ acre),2026-07-08,City of Sioux Falls,,,,3100 AND 3300 S. BAHNSON AVENUE,"SIOUX FALLS, SD",,57104,SD,Site: BASIN 120 DRAINAGE IMPROVEMENTS,,,
EPA ECHO (NM),ECHO_NMR10080W,NMR10080W,Construction Stormwater NOI (1+ acre),2026-07-08,File Construction,,,,SAN ILDEFONSO ROAD,"LOS ALAMOS, NM",,87544,NM,"Site: WATER LINE REPLACEMENT - SAN ILDEFONSO ROAD,  LOS ALAMOS COUNTY",,,
EPA ECHO (AL),ECHO_ALR10C89E,ALR10C89E,Construction Stormwater NOI (1+ acre),2026-07-08,"Rev3 Builder, LLC",,,,410 PLUMMER ROAD,"HUNTSVILLE, AL",AL089,35806,AL,Site: GRANT PARK,,,
EPA ECHO (IL),ECHO_ILR10ZH5R,ILR10ZH5R,Construction Stormwater NOI (1+ acre),2026-07-08,Vissering Construction Company,,,,2929 N. ILLINOIS ROUTE 71,"OTTAWA, IL",,61350,IL,Site: CONTRACT B- NEW FOX RIVER WASTEWATER TREATMENT PLANT,,,
EPA ECHO (IL),ECHO_ILR10ZH5T,ILR10ZH5T,Construction Stormwater NOI (1+ acre),2026-07-08,Robert Romo,,,,EAST NORTH STREET & IL RT. 50 TO ARMOUR ROAD,"BRADLEY, IL",,60915,IL,Site: M02-290 NORTH STREET & RT. 50 LANDSCAPING GRANT,,,
EPA ECHO (AL),ECHO_ALR10C6M2,ALR10C6M2,Construction Stormwater NOI (1+ acre),2026-07-08,"Lennar Homes of Alabama, LLC",,,,NW OF MILL RD. SW & CENTRAL PKWY SW,"DECATUR, AL",AL103,35603,AL,Site: KENZIE MEADOWS SUBDIVISION,,,
EPA ECHO (AL),ECHO_ALR10C64M,ALR10C64M,Construction Stormwater NOI (1+ acre),2026-07-08,"Lennar Homes of Alabama, LLC",,,,NICK DAVIS RD.,"ATHENS, AL",AL083,35613,AL,"Site: WHISPER WOODS, RESIDENTIAL LOTS",,,
EPA ECHO (SC),ECHO_SCR10ZLC1,SCR10ZLC1,Construction Stormwater NOI (1+ acre),2026-07-08,Jeff Case,,,,(UNKNOWN ADDRESS),"(UNKNOWN CITY), SC",SC045,00000,SC,Site: H-1 NORTH MAIN GALVANIZED PIPE REPLACEMENT,,,
EPA ECHO (NM),ECHO_NMR10I0AS,NMR10I0AS,Construction Stormwater NOI (1+ acre),2026-07-08,Robins Construction,,,,7000 LF TO THE SW OF AZOTEA TUNNEL RD / ENCINO DR.,"CHAMA, NM",,87520,NM,Site: SJC AZOTEA PORTAL & DROP STRUCTURES,,,
EPA ECHO (ID),ECHO_IDR10C25I,IDR10C25I,Construction Stormwater NOI (1+ acre),2026-07-08,City of Idaho Falls,,,,805 TYRA DRIVE,"IDAHO FALLS, ID",ID019,83401,ID,Site: MEPPEN PARK,,,
EPA ECHO (AL),ECHO_ALR10C5BM,ALR10C5BM,Construction Stormwater NOI (1+ acre),2026-07-08,"ShoalsBuilder, LLC",,,,"BROWN STREET APPROXIMATELY 2,250 FEET NORTH OF INT","MUSCLE SHOALS, AL",AL033,35661,AL,Site: BROWNSTONE SUBDIVISION,,,
EPA ECHO (IL),ECHO_ILR10ZH5U,ILR10ZH5U,Construction Stormwater NOI (1+ acre),2026-07-08,NPL,,,,LUNT AVENUE AND ELMHURST ROAD,"ELK GROVE VILLAGE, IL",,60007,IL,Site: NBA 10019119 ELK GROVE VILLAGE NEW BUSINESS  (WO 1615675/3615675),,,
EPA ECHO (AL),ECHO_ALR10C5V5,ALR10C5V5,Construction Stormwater NOI (1+ acre),2026-07-08,Persons Services Corp,,,,4119 HALLS MILL ROAD,"MOBILE, AL",AL097,36693,AL,Site: PSC CAMPUS,,,
EPA ECHO (AL),ECHO_ALR10C0WR,ALR10C0WR,Construction Stormwater NOI (1+ acre),2026-07-08,"Jim Parker Residential, LLC",,,,EAST LONGLEAF DR,"AUBURN, AL",AL081,36832,AL,Site: EAST LONGLEAF TOWNHOMES,,,
EPA ECHO (ID),ECHO_IDR10C25J,IDR10C25J,Construction Stormwater NOI (1+ acre),2026-07-08,Caleb Shumway,,,,501 GALENA ST,"COUNCIL, ID",ID003,83612,ID,Site: COUNCIL WATER IMPROVEMENTS - OWNER,,,
EPA ECHO (SC),ECHO_SCR10ZLBW,SCR10ZLBW,Construction Stormwater NOI (1+ acre),2026-07-08,Greg Jandolenko,,,,(UNKNOWN ADDRESS),"(UNKNOWN CITY), SC",SC083,00000,SC,Site: PROJECT PINTO - MASS GRADING,,,
EPA ECHO (SD),ECHO_SDR10P5WW,SDR10P5WW,Construction Stormwater NOI (1+ acre),2026-07-08,Allen Development LLC,,,,8001 E 10TH STREET,"SIOUX FALLS, SD",,57110,SD,Site: WILLOW SPRINGS ADDITION PHASE 2,,,
EPA ECHO (NH),ECHO_NHR1002B7,NHR1002B7,Construction Stormwater NOI (1+ acre),2026-07-08,Eversource Energy,,,,K174 ROW,"MULTIPLE, NH",,03743,NH,Site: K174 TRANSMISSION LINE STRUCTURE REPLACEMENT PROJECT,,,
EPA ECHO (AL),ECHO_ALR10C7KP,ALR10C7KP,Construction Stormwater NOI (1+ acre),2026-07-08,The Water Works & Sewer Board of the City of Clanton,,,,LAY DAM RD,"CLANTON, AL",AL021,35045,AL,Site: ROBERT THRELKELD PARKWAY,,,
EPA ECHO (SC),ECHO_SCR10ZLC3,SCR10ZLC3,Construction Stormwater NOI (1+ acre),2026-07-08,Deep Patel,,,,US-521 AND WALL ST INTERSECTION & US-521 AND CENTU,"CAMDEN, SC",SC055,29020,SC,Site: US-521 INTERSECTION IMPROVEMENTS,,,
EPA ECHO (AL),ECHO_ALR10C4JB,ALR10C4JB,Construction Stormwater NOI (1+ acre),2026-07-08,City of Decatur,,,,2616 MODAUS RD SW,"DECATUR, AL",AL103,35603,AL,Site: JACK ALLEN SOFTBALL COMPLEX,,,
EPA ECHO (AL),ECHO_ALR10C6T6,ALR10C6T6,Construction Stormwater NOI (1+ acre),2026-07-08,"Johnson Contractors, Inc.",,,,200 LOCKHEED MARTIN WAY,"COURTLAND, AL",AL079,356183646,AL,Site: LOCKHEED MARTIN - MAB4 TEST CELL,,,
EPA ECHO (AL),ECHO_ALR10C7CW,ALR10C7CW,Construction Stormwater NOI (1+ acre),2026-07-08,"Stone Building, LLC",,,,2150 MIKE HUBBARD BLVD,"AUBURN, AL",AL081,36830,AL,Site: AU AIR TRAFFIC CONTROL TOWER,,,
EPA ECHO (AL),ECHO_ALR10C89K,ALR10C89K,Construction Stormwater NOI (1+ acre),2026-07-08,"RaceTrac, Inc.",,,,3320 BUTTERMILK ROAD,"TUSCALOOSA, AL",AL125,35453,AL,Site: BUTTERMILK ROAD FUEL STATION,,,
EPA ECHO (NH),ECHO_NHR1002B8,NHR1002B8,Construction Stormwater NOI (1+ acre),2026-07-08,Robbie Leonard,,,,SANBORN ROAD (NH ROUTE 132),"TILTON, NH",,03276,NH,Site: SANBORN ROAD SELF STORAGE,,,
EPA ECHO (SC),ECHO_SCR10ZLC2,SCR10ZLC2,Construction Stormwater NOI (1+ acre),2026-07-08,Michael Gault,,,,3703 N HWY 101,"GREER, SC",SC045,29651,SC,Site: O'NEAL MARKET,,,
EPA ECHO (AL),ECHO_ALR10C7RD,ALR10C7RD,Construction Stormwater NOI (1+ acre),2026-07-08,"Lennar Homes of Alabama, LLC",,,,NORTHEAST OF TOWE ROAD & SW WALL STREET,"HUNTSVILLE, AL",AL083,35756,AL,"Site: HITCHING POST FARMS, RESIDENTIAL LOTS",,,
EPA ECHO (AL),ECHO_ALR10C89G,ALR10C89G,Construction Stormwater NOI (1+ acre),2026-07-08,City of Valley,,,,0.5 MILES EAST OF I85 ON FOB JAMES DRIVE,"VALLEY, AL",AL017,36854,AL,"Site: CITY OF VALLEY (BURNEY PROPERTY) PHASE A, B, & C",,,
EPA ECHO (FL),ECHO_FLR10YP10,FLR10YP10,Construction Stormwater NOI (1+ acre),2026-07-08,Quality Construction Performance Inc,,,,13853 MEMORIAL HWY,"MIAMI, FL",,33161-3636,FL,Site: FUTURE SITE FOR FIRE STATION 18 PHASE I SITE PREP.,,,
EPA ECHO (SC),ECHO_SCR10ZLC6,SCR10ZLC6,Construction Stormwater NOI (1+ acre),2026-07-08,Harrison Horowitz,,,,505 N MAIN ST,"GREENVILLE, SC",SC045,29601,SC,Site: 505 N MAIN ST,,,
EPA ECHO (IL),ECHO_ILR10ZH5Q,ILR10ZH5Q,Construction Stormwater NOI (1+ acre),2026-07-08,GenPro Energy Solutions,,,,MENNONITE CHURCH ROAD,"PEKIN, IL",,61554,IL,Site: ELM GROVE CSG 1 SOLAR,,,
EPA ECHO (AL),ECHO_ALR10C6M0,ALR10C6M0,Construction Stormwater NOI (1+ acre),2026-07-08,"Lennar Homes of Alabama, LLC",,,,WEST OF OLD HIGHWAY 31 & POOLE VALLEY RD.,"DECATUR, AL",AL103,35603,AL,Site: GLENMONT ACRES SUBDIVISION,,,
EPA ECHO (NM),ECHO_AZR10I1IG,AZR10I1IG,Construction Stormwater NOI (1+ acre),2026-07-08,Navajo Nation Department of Water Resources - Water Management Branch,,,,RURAL STANDING ROCK CHAPTER,"STANDING ROCK, NM",,87313,NM,Site: NGWSP BBN9 REACH 10.2.1,,,
EPA ECHO (AL),ECHO_ALR10C6PM,ALR10C6PM,Construction Stormwater NOI (1+ acre),2026-07-08,"Fite Construction Company, LLC",,,,200 LOCKHEED MARTIN WAY,"COURTLAND, AL",AL079,35618,AL,Site: LOCKHEED MARTIN INERT STORAGE,,,
EPA ECHO (AL),ECHO_ALR10C89D,ALR10C89D,Construction Stormwater NOI (1+ acre),2026-07-08,"Majestic Partners, LLC",,,,348 HILLSON DRIVE,"WETUMPKA, AL",AL051,36093,AL,Site: COVENTRY SUBDIVISION,,,
EPA ECHO (AL),ECHO_ALR10C89L,ALR10C89L,Construction Stormwater NOI (1+ acre),2026-07-08,Sandstone Cliffs Devco LLC,,,,SOUTHEAST CORNER OF HWY 80 AND HWY 21,"LOWNDESBORO, AL",AL085,36752,AL,Site: RED CLAY TECHNOLOGY CAMPUS,,,
EPA ECHO (AL),ECHO_ALR10C89C,ALR10C89C,Construction Stormwater NOI (1+ acre),2026-07-08,"Grandiose Partners, LLC",,,,0.8 MILES SOUTH OF THE INTERSECTION OF DOZIER ROAD,"WETUMPKA, AL",AL051,36093,AL,Site: FOX CHASE SUBDIVISION,,,
EPA ECHO (SD),ECHO_SDR10P5TS,SDR10P5TS,Construction Stormwater NOI (1+ acre),2026-07-08,City of Mitchell,,,,1523 W 23RD AVE,"MITCHELL, SD",,57301,SD,Site: W 23RD AVE AND N OHLMAN ST DETENTION POND,,,
EPA ECHO (NH),ECHO_NHR1002AC,NHR1002AC,Construction Stormwater NOI (1+ acre),2026-07-08,"R.S. Audley, Inc.",,,,7 KITTY HAWK LANDING,"LONDONDERRY, NH",,03053,NH,Site: VILLAGE ON TECHNOLOGY HILL - INFRASTRUCTURE ADDITIONAL PHASE - AUDLEY,,,
EPA ECHO (AL),ECHO_ALR10C6SY,ALR10C6SY,Construction Stormwater NOI (1+ acre),2026-07-08,"Fite Construction Company, LLC",,,,200 LOCKHEED MARTIN WAY,"COURTLAND, AL",AL079,35618,AL,Site: LOCKHEED MARTIN ORDNANCE STORAGE MAGAZINE,,,
EPA ECHO (SD),ECHO_SDR10P5YT,SDR10P5YT,Construction Stormwater NOI (1+ acre),2026-07-08,Western Construction,,,,JUNCTION OF HWY 471 & 71 IN FALL RIVER COUNTY,"EDGEMONT, SD",,57735,SD,Site: HWY 471 STOCKPILE / BORROW SITE,,,
EPA ECHO (SD),ECHO_SDR10P5VX,SDR10P5VX,Construction Stormwater NOI (1+ acre),2026-07-08,City of Sioux Falls,,,,3807 N NATIONAL AVENUE,"SIOUX FALLS, SD",,57104,SD,Site: BASIN 204 DRAINAGE IMPROVEMENTS,,,
EPA ECHO (AZ),ECHO_AZR10I1IH,AZR10I1IH,Construction Stormwater NOI (1+ acre),2026-07-08,"Arviso Construction Company, Inc.",,,,NAVAJO SERVICE ROUTE 59 AND BIA ROUTE 6510,"CHILCHINBETO, AZ",,86033,AZ,Site: CHILCHINBETO MARKETPLACE,,,
EPA ECHO (SC),ECHO_SCR10ZLC4,SCR10ZLC4,Construction Stormwater NOI (1+ acre),2026-07-08,Mike Blazer,,,,1 CLARENDON LN,"BLUFFTON, SC",SC013,299093112,SC,Site: BERKELEY HALL PICKLEBALL COMPLEX,,,
EPA ECHO (AK),ECHO_AKR10H0VK,AKR10H0VK,Construction Stormwater NOI (1+ acre),2026-07-08,Anthony Dixon,,,,"BUILDING N1, 5TH STREET AND REZANOF DRIVE WEST","KODIAK BASE, AK",AK150,99619,AK,Site: MAJOR MAINTENANCE & REPAIR BUILDING N1,,,
EPA ECHO (WI),ECHO_WIR10I05W,WIR10I05W,Construction Stormwater NOI (1+ acre),2026-07-08,Oneida Construction Services,,,,3976 W MASON ST,"HOBART, WI",,54155,WI,Site: ONEIDA APPLE ORCHARDS BUILDING,,,
EPA ECHO (SD),ECHO_SDR10P5YJ,SDR10P5YJ,Construction Stormwater NOI (1+ acre),2026-07-08,City of Mitchell,,,,23RD AVE AND OHLMAN STREET,"MITCHELL, SD",,57301,SD,Site: 23RD AND OHLMAN UTILITY AND STREET IMPROVEMENTS,,,
EPA ECHO (SC),ECHO_SCR10ZLBY,SCR10ZLBY,Construction Stormwater NOI (1+ acre),2026-07-08,Jane Singh,,,,624 HARLIN ST,"ELLOREE, SC",SC075,290478817,SC,Site: ELLOREE WATERLINE REPLACEMENT,,,
EPA ECHO (SD),ECHO_SDR10P5VM,SDR10P5VM,Construction Stormwater NOI (1+ acre),2026-07-08,City of Sioux Falls,,,,WESTERN AVENUE AND 271 ST,"SIOUX FALLS, SD",,57108,SD,Site: SOUTHEAST BASINS SANITARY SEWER IMPROVEMENTS - PHASE 1,,,
EPA ECHO (AL),ECHO_ALR10C89B,ALR10C89B,Construction Stormwater NOI (1+ acre),2026-07-08,"Fifth Third Bank, National Association",,,,2346 ZIERDT RD SW,"HUNTSVILLE, AL",AL089,35824,AL,Site: FIFTH THIRD BANK - REDSTONE SQUARE,,,
EPA ECHO (AL),ECHO_ALR10C5AG,ALR10C5AG,Construction Stormwater NOI (1+ acre),2026-07-08,"Fite Construction Company, LLC",,,,200 LOCKHEED MARTIN WAY,"COURTLAND, AL",AL079,35618,AL,Site: LOCKHEED MARTIN MAB-5,,,
EPA ECHO (SD),ECHO_SDR10P5VI,SDR10P5VI,Construction Stormwater NOI (1+ acre),2026-07-08,Northern States Power Company d/b/a Xcel Energy,,,,110 DOUGLAS ST,"SALEM, SD",,57058,SD,Site: LINE 0779 REBUILD PH2,,,
EPA ECHO (AL),ECHO_ALR10C5RQ,ALR10C5RQ,Construction Stormwater NOI (1+ acre),2026-07-08,"Lennar Homes of Alabama, LLC",,,,NICK DAVIS ROAD & SPENCER BESS DRIVE,"ATHENS, AL",AL083,35613,AL,"Site: HENDERSON ESTATES, RESIDENTIAL LOTS",,,
EPA ECHO (AL),ECHO_ALR10C89F,ALR10C89F,Construction Stormwater NOI (1+ acre),2026-07-08,"MD Real Estate Holdings, LLC",,,,1445 LUANNE'S WAY,"ALEXANDER CITY, AL",AL123,35010,AL,"Site: LOT 11, THE HERITAGE PLAT NO. 2",,,
EPA ECHO (SC),ECHO_SCR10ZLBX,SCR10ZLBX,Construction Stormwater NOI (1+ acre),2026-07-08,Lorianne Riggin,,,,CALLAHAN MOUNTAIN RD,"TRAVELERS REST, SC",SC045,29690,SC,Site: CALLAHAN BRANCH,,,
EPA ECHO (SD),ECHO_SDR10P5ZO,SDR10P5ZO,Construction Stormwater NOI (1+ acre),2026-07-08,Hurco Technologies,,,,409 ENTERPRISE ST,"HARRISBURG, SD",,57032,SD,Site: HURCO TECHNOLOGIES ADDITION,,,
EPA ECHO (SC),ECHO_SCR10ZLBZ,SCR10ZLBZ,Construction Stormwater NOI (1+ acre),2026-07-08,Leandro Silva,,,,115 AND 117 CALHOUN AVENUE,"GOOSE CREEK, SC",SC015,29445,SC,Site: 115 AND 117 CALHOUN AVENUE,,,
EPA ECHO (SD),ECHO_SDR10P5VN,SDR10P5VN,Construction Stormwater NOI (1+ acre),2026-07-08,City of Sioux Falls,,,,BLACKHAWK STREET AND K AVENUE,"SIOUX FALLS, SD",,57105,SD,Site: SANITARY SEWER IMPROVEMENTS BLACKHAWK STREET K AVE AND M AVE,,,
EPA ECHO (AL),ECHO_ALR10C6NR,ALR10C6NR,Construction Stormwater NOI (1+ acre),2026-07-08,"Lennar Homes of Alabama, LLC",,,,NE OF POOLE VALLEY RD. SW & CENTRAL AVE. SW,"DECATUR, AL",AL103,35603,AL,"Site: VALLEY PARK, RESIDENTIAL LOTS",,,
EPA ECHO (SC),ECHO_SCR10ZLC5,SCR10ZLC5,Construction Stormwater NOI (1+ acre),2026-07-08,Danny McCloud,,,,1571 FREED STREET,"COLUMBIA, SC",SC079,29201,SC,Site: GRAND WILLOW HOTEL AT BULLSTREET,,,
EPA ECHO (SD),ECHO_SDR10P5X0,SDR10P5X0,Construction Stormwater NOI (1+ acre),2026-07-08,Connelly Development,,,,350 OAKTREE LANE,"NORTH SIOUX CITY, SD",,57049,SD,Site: RIVER OAKS AT TWO RIVERS,,,
EPA ECHO (ID),ECHO_IDR10C25L,IDR10C25L,Construction Stormwater NOI (1+ acre),2026-07-08,Burks Excavation,,,,QUIGLEY RANCH RD AND QUIGLEY FARM RD,"HAILEY, ID",ID013,83333,ID,Site: QUIGLEY RD / QUIGLEY RANCH SUBDIVISION,,,
EPA ECHO (SD),ECHO_SDR10P5Z9,SDR10P5Z9,Construction Stormwater NOI (1+ acre),2026-07-08,Platte-Geddes School District,,,,400 ILLINOIS AVE,"PLATTE, SD",,57369,SD,Site: PLATTE-GEDDES SCHOOL ATHLETICS ADDITION,,,
EPA ECHO (SD),ECHO_SDR10P5ZC,SDR10P5ZC,Construction Stormwater NOI (1+ acre),2026-07-08,City of Sioux Falls,,,,TALLGRASS AVENUE AND 89TH STREET,"SIOUX FALLS, SD",,57108,SD,Site: TALLGRASS AVENUE IMPROVEMENTS - 85TH STREET TO SOUTH VETERANS PARKWAY,,,
EPA ECHO (AL),ECHO_ALR10C89H,ALR10C89H,Construction Stormwater NOI (1+ acre),2026-07-08,"Under Vulcan, LLC",,,,LAKEVIEW CIRCLE,"ALEXANDER CITY, AL",AL123,35010,AL,Site: LAKEVIEW CIRCLE,,,
EPA ECHO (AL),ECHO_ALR10C42R,ALR10C42R,Construction Stormwater NOI (1+ acre),2026-07-08,"Lennar Homes of Alabama, LLC.",,,,CRAFT ROAD,"LIMESTONE COUNTY, AL",AL083,35613,AL,"Site: CRAFT SPRINGS, RESIDENTIAL LOTS",,,
EPA ECHO (AL),ECHO_ALR10C89J,ALR10C89J,Construction Stormwater NOI (1+ acre),2026-07-08,Batson-Cook Company,,,,SHERLING LAKE ROAD,"GREENVILLE, AL",AL013,36037,AL,Site: PIONEER ELECTRIC CO-OP,,,
EPA ECHO (ID),ECHO_IDR10C25K,IDR10C25K,Construction Stormwater NOI (1+ acre),2026-07-08,Hayden Homes of Idaho,,,,LINCOLN ROAD AND CORREA WAY,"CALDWELL, ID",ID027,83605,ID,Site: HUNTINGTON RIDGE EAST PHASE 2,,,
EPA ECHO (SD),ECHO_SDR10P5Z1,SDR10P5Z1,Construction Stormwater NOI (1+ acre),2026-07-08,City of Belle Fourche,,,,10970 AIRPORT ROAD,"BELLE FOURCHE, SD",,57717,SD,Site: BELLE FOURCHE MUNICIPAL AIRPORT,,,
EPA ECHO (AL),ECHO_ALR10C6WP,ALR10C6WP,Construction Stormwater NOI (1+ acre),2026-07-08,"Bailey-Harris Construction Co., Inc.",,,,3000-3716 S UNIROYAL RD,"OPELIKA, AL",AL081,36804,AL,Site: PROJECT GL PACK,,,
EPA ECHO (SD),ECHO_SDR10P5ZJ,SDR10P5ZJ,Construction Stormwater NOI (1+ acre),2026-07-08,"Blattner Energy, LLC",,,,HILLAND RD AND STATE HIGHWAY 73,"PHILIP, SD",,57567,SD,Site: PHILIP WIND,,,
EPA ECHO (AL),ECHO_ALR10C7R4,ALR10C7R4,Construction Stormwater NOI (1+ acre),2026-07-08,"Brasfield & Gorrie, LLC",,,,ALABAMA ST,"AUBURN, AL",AL081,36832,AL,Site: AUBIX B&G LAYDOWN,,,
EPA ECHO (SD),ECHO_SDR10P5ZF,SDR10P5ZF,Construction Stormwater NOI (1+ acre),2026-07-08,City of Mitchell,,,,41012 256TH STREET,"MITCHELL, SD",,57301,SD,Site: CITY OF MITCHELL WATER DEPARTMENT BUILDING,,,
EPA ECHO (AL),ECHO_ALR10C2B4,ALR10C2B4,Construction Stormwater NOI (1+ acre),2026-07-07,"Kinetic Capital I, LLC",,,,WORTEL ROAD,"ELBERTA, AL",AL003,36530,AL,Site: JELLYSTONE PARK,,,
EPA ECHO (SC),ECHO_SCR10ZLBP,SCR10ZLBP,Construction Stormwater NOI (1+ acre),2026-07-07,Blaine House,,,,INTERSECTION OF NORTH PARK SQUARE & MONROE HWY,"LANCASTER, SC",SC057,29720,SC,Site: GATEWAY AT LANCASTER,,,
EPA ECHO (AL),ECHO_ALR10C4PX,ALR10C4PX,Construction Stormwater NOI (1+ acre),2026-07-07,"Happy Sweet Homes, LLC",,,,MIDRIDGE DRIVE,"PELHAM, AL",AL117,35124,AL,Site: MIDRIDGE DRIVE TOWNHOMES,,,
EPA ECHO (ID),ECHO_IDR10C25B,IDR10C25B,Construction Stormwater NOI (1+ acre),2026-07-07,RRC Contractors,,,,W ORCHARD PARK DR,"MERIDIAN, ID",ID001,83646,ID,Site: PETSMART #3291 (RRC CONTRACTORS),,,
EPA ECHO (SC),ECHO_SCR10ZLBM,SCR10ZLBM,Construction Stormwater NOI (1+ acre),2026-07-07,Samuel Bellock,,,,LONGLEAF EST DRIVE,"HOLLYWOOD, SC",SC019,29449,SC,Site: THE FARMS AT LONGLEAF EARLY SITE PACKAGE,,,
EPA ECHO (AL),ECHO_ALR10C67M,ALR10C67M,Construction Stormwater NOI (1+ acre),2026-07-07,"TCG Triple H Ranch, LLC",,,,1806 TRIPLE H RANCH ROAD,"UNINCORPORATED JEFFERSON COUNTY, AL",AL073,35022,AL,Site: TRIPLE H RANCH,,,
EPA ECHO (AL),ECHO_ALR10C7LE,ALR10C7LE,Construction Stormwater NOI (1+ acre),2026-07-07,Grayson Carter and Son Contracting,,,,BAYBERRY ROAD,"HUNTSVILLE, AL",AL089,35808,AL,Site: RSA BLDG 7745 RAYTHEON IMPROVEMENTS,,,
EPA ECHO (AL),ECHO_ALR10C33C,ALR10C33C,Construction Stormwater NOI (1+ acre),2026-07-07,"Grayson Carter and Son Contracting, Inc.",,,,ROY LONG ROAD,"ATHENS, AL",AL083,35611,AL,Site: GRAYSON CARTER STORAGE FACILITY,,,
EPA ECHO (SC),ECHO_SCR10ZLBT,SCR10ZLBT,Construction Stormwater NOI (1+ acre),2026-07-07,Christopher Spainhour,,,,140 HUDSON PLACE,"NEWBERRY, SC",SC071,29108,SC,Site: HUDSON PLACE SOLAR SUBSTATION PAD,,,
EPA ECHO (AL),ECHO_ALR109184,ALR109184,Construction Stormwater NOI (1+ acre),2026-07-07,Wild Timber Development LLC,,,,ON HWY 11 4.5 NORTH OF HWY 52,"PELHAM, AL",AL117,35124,AL,Site: WILD TIMBER,,,
EPA ECHO (AL),ECHO_ALR10C899,ALR10C899,Construction Stormwater NOI (1+ acre),2026-07-07,"Elliot & Rhodes Investments, LLC",,,,110 CROSS ST,"FLORENCE, AL",AL077,35633,AL,Site: WORKOUT ANYTIME CENTER - FLORENCE,,,
EPA ECHO (AL),ECHO_ALR10C10D,ALR10C10D,Construction Stormwater NOI (1+ acre),2026-07-07,"Brady Construction, LLC",,,,ADAMS RIDGE DRIVE,"CHELSEA, AL",AL117,35043,AL,Site: ADAMS RIDGE,,,
EPA ECHO (SC),ECHO_SCR10ZLBU,SCR10ZLBU,Construction Stormwater NOI (1+ acre),2026-07-07,Clark Archer,,,,1970 PURRYSBURG RD,"HARDEEVILLE, SC",SC053,29927,SC,Site: SHERWOOD SUBSTATION,,,
EPA ECHO (ID),ECHO_IDR10C25F,IDR10C25F,Construction Stormwater NOI (1+ acre),2026-07-07,"Record Steel and Construction, Inc. (RSCI)",,,,1390 W GOWEN RD,"BOISE, ID",ID001,83705,ID,Site: BOI HANGAR (RSCI),,,
EPA ECHO (AL),ECHO_ALR10C894,ALR10C894,Construction Stormwater NOI (1+ acre),2026-07-07,"NashCap Wilson Lake Cottages, LLC",,,,4428 FLORENCE BOULEVARD,"FLORENCE, AL",AL077,35634,AL,"Site: FLORENCE MARINA, PHASE 1",,,
EPA ECHO (AL),ECHO_ALR10C7J8,ALR10C7J8,Construction Stormwater NOI (1+ acre),2026-07-07,"4GE Land Holdings, LLC",,,,EXECUTIVE PARK DRIVE,"OPELIKA, AL",AL081,36801,AL,Site: EXECUTIVE PARK TOWNHOMES,,,
EPA ECHO (MA),ECHO_MAR1006EX,MAR1006EX,Construction Stormwater NOI (1+ acre),2026-07-07,"Freetown Trade and Hobby Center, LLC.",,,,467 WAREHAM STREET,"MIDDLEBORO, MA",,02346,MA,Site: (LOT 2) 467 WAREHAM STREET MIDDLEBOROUGH,,,
EPA ECHO (AL),ECHO_ALR10C5ET,ALR10C5ET,Construction Stormwater NOI (1+ acre),2026-07-07,Grayson Carter and Son Contracting,,,,SOUTH ROAD (TA-1),"HUNTSVILLE, AL",AL089,35803,AL,Site: BLDG 7889 ACCESS ROAD,,,
EPA ECHO (ID),ECHO_IDR10C25E,IDR10C25E,Construction Stormwater NOI (1+ acre),2026-07-07,Idaho Power Company,,,,10565 WILSON CEMETERY ROAD,"MELBA, ID",ID027,83641,ID,Site: HEMINGWAY FENCE,,,
EPA ECHO (AL),ECHO_ALR10C7PY,ALR10C7PY,Construction Stormwater NOI (1+ acre),2026-07-07,"AutoZone Development, LLC",,,,210 2ND AVE NW,"CULLMAN, AL",AL043,350553429,AL,Site: AUTOZONE #0282,,,
EPA ECHO (AL),ECHO_ALR10C896,ALR10C896,Construction Stormwater NOI (1+ acre),2026-07-07,City of Hartselle,,,,411 SPARKMAN ST NW,"HARTSELLE, AL",AL103,35640,AL,Site: HARTSELLE PUBLIC LIBRARY & EVENT VENUE,,,
EPA ECHO (AL),ECHO_ALR10C4HH,ALR10C4HH,Construction Stormwater NOI (1+ acre),2026-07-07,"D.R. Horton, Inc.",,,,NATIONAL RD. & FULLER RD.,"REHOBETH, AL",AL069,36301,AL,Site: RYMA OAKS,,,
EPA ECHO (AL),ECHO_ALR10C893,ALR10C893,Construction Stormwater NOI (1+ acre),2026-07-07,"Baldwin Holdings, LLC",,,,SLAPSHOT ROAD,"ROBERTSDALE, AL",AL003,36567,AL,Site: VICK PROPERTY,,,
EPA ECHO (SC),ECHO_SCR10ZLBV,SCR10ZLBV,Construction Stormwater NOI (1+ acre),2026-07-07,Chris Phillips,,,,1209 VENNING RD,"MT PLEASANT, SC",SC019,29464,SC,Site: VENNING ROAD OUTDOOR STORAGE,,,
EPA ECHO (SD),ECHO_SDR10P5XL,SDR10P5XL,Construction Stormwater NOI (1+ acre),2026-07-07,TRC Development LLC,,,,19535 US HIGHWAY 81,"ARLINGTON, SD",,57070,SD,Site: WERDEL SITE IMPROVEMENTS,,,
EPA ECHO (SC),ECHO_SCR10ZLBN,SCR10ZLBN,Construction Stormwater NOI (1+ acre),2026-07-07,Zachary West,,,,930 ASCAUGA LAKE RD,"GRANITEVILLE, SC",SC003,298293628,SC,Site: G11573 - ASCAUGA LAKE ROAD GROWTH FEEDER PHASE 2,,,
EPA ECHO (AL),ECHO_ALR10BFNV,ALR10BFNV,Construction Stormwater NOI (1+ acre),2026-07-07,"Newcastle Development, LLC",,,,SOUTH OF HILLSBORO PKWY & WEST OF HELENA STATION,"HELENA, AL",AL117,35080,AL,Site: HILLSBORO SOUTH,,,
EPA ECHO (MA),ECHO_MAR1006EY,MAR1006EY,Construction Stormwater NOI (1+ acre),2026-07-07,"Fontaine Bros., Inc.",,,,320 SALEM STREET,"WILMINGTON, MA",,01887,MA,Site: WILMINGTON ELEMENTARY SCHOOL,,,
EPA ECHO (AL),ECHO_ALR10C6WW,ALR10C6WW,Construction Stormwater NOI (1+ acre),2026-07-07,"Raising Cane's Restaurants, LLC",,,,1241 MCFARLAND BLVD. E,"TUSCALOOSA, AL",AL125,35404,AL,"Site: RAISING CANE’S #1326 TUSCALOOSA, AL",,,
EPA ECHO (AL),ECHO_ALR10C7GY,ALR10C7GY,Construction Stormwater NOI (1+ acre),2026-07-07,"MD Real Estate Holdings, LLC",,,,5379-4805 COUNTY RD 54 E,"OPELIKA, AL",AL081,36804,AL,Site: COLE PLACE,,,
EPA ECHO (SC),ECHO_SCR10ZLBS,SCR10ZLBS,Construction Stormwater NOI (1+ acre),2026-07-07,Steven Wilson,,,,WEST BRIDGE ROAD AND DOROTHY DRIVE,"CHARLESTON, SC",SC019,29414,SC,Site: WESTFIELD ESP,,,
EPA ECHO (AL),ECHO_ALR10C6T4,ALR10C6T4,Construction Stormwater NOI (1+ acre),2026-07-07,"Brasfield & Gorrie, LLC",,,,HALE COUNTY,"NORTH OF GREENSBORO, AL",AL065,36744,AL,Site: WAH- SEGMENT 11,,,
EPA ECHO (ID),ECHO_IDR10C25G,IDR10C25G,Construction Stormwater NOI (1+ acre),2026-07-07,"Lurre Construction, Inc.",,,,S FLORIDA AVE AND HWY 55,"CALDWELL, ID",ID027,83607,ID,Site: WEST HAVEN SUBDIVISION NO. 2,,,
EPA ECHO (ID),ECHO_IDR10C25D,IDR10C25D,Construction Stormwater NOI (1+ acre),2026-07-07,Gregorio Rodriguez,,,,6750 AUGUSTA STREET,"BONNERS FERRY, ID",ID021,83805,ID,Site: VALLLEY VIEW ELEMENTARY SCHOOL,,,
EPA ECHO (MA),ECHO_MAR1006EV,MAR1006EV,Construction Stormwater NOI (1+ acre),2026-07-07,Massachusetts Department of Transportation,,,,ROUTE 28/FELLSWAY,"MEDFORD, MA",,02155,MA,Site: MEDFORD SHARED USE PATH CONNECTION AT THE RTE 28/WELLINGTON UNDERPASS,,,
EPA ECHO (AL),ECHO_ALR10C895,ALR10C895,Construction Stormwater NOI (1+ acre),2026-07-07,"Engineered Systems, Inc.",,,,363 MEDICAL PARK BLVD,"DOTHAN, AL",AL069,36301,AL,Site: DOTHAN HYPERTENSION,,,
EPA ECHO (AL),ECHO_ALR10C75M,ALR10C75M,Construction Stormwater NOI (1+ acre),2026-07-07,"D.R. Horton, Inc.",,,,FALLING CYPRESS WAY,"DOTHAN, AL",AL069,36301,AL,Site: D.R. HORTON - WHISPERING CREEK,,,
EPA ECHO (AL),ECHO_ALR10C322,ALR10C322,Construction Stormwater NOI (1+ acre),2026-07-07,Lockheed Martin Missiles and Fire Control,,,,5500 COUNTY ROAD 37,"TROY, AL",AL109,360818127,AL,Site: LOCKHEED MARTIN - PCO,,,
EPA ECHO (AK),ECHO_AKR10H15W,AKR10H15W,Construction Stormwater NOI (1+ acre),2026-07-07,William Favitta,,,,28008 ARCTIC VALLEY ROAD,"JBER, AK",AK020,99505,AK,Site: P8364 JBER WTP DEMO,,,
EPA ECHO (AL),ECHO_ALR10C6AP,ALR10C6AP,Construction Stormwater NOI (1+ acre),2026-07-07,ENERGYneering Solutions LLC,,,,622 TAYLOE ROAD,"UNIONTOWN, AL",AL105,36786,AL,Site: ARROWHEAD RENEWABLE NATURAL GAS FACILITY,,,
EPA ECHO (AL),ECHO_ALR10C898,ALR10C898,Construction Stormwater NOI (1+ acre),2026-07-07,Shelby County Commission,,,,105 CORPORATE WOODS DR,"ALABASTER, AL",AL117,35007,AL,Site: LOT 29- SHELBY WEST CORPORATE PARK,,,
EPA ECHO (NH),ECHO_NHR1002A9,NHR1002A9,Construction Stormwater NOI (1+ acre),2026-07-07,"Northeast Earth Mechanics, LLC",,,,HENRY LAW AVENUE & PAYNE STREET,"DOVER, NH",,03820,NH,Site: DOVER HENRY LAW AVENUE & PAYNE STREET RECONSTRUCTION,,,
EPA ECHO (AL),ECHO_ALR10C78X,ALR10C78X,Construction Stormwater NOI (1+ acre),2026-07-07,Alabama School of Healthcare Sciences Foundation,,,,919 SOUTH CEDAR AVENUE,"DEMOPOLIS, AL",AL091,36732,AL,Site: DEMOPOLIS ASHS SCHOOL,,,
EPA ECHO (ID),ECHO_IDR10C25H,IDR10C25H,Construction Stormwater NOI (1+ acre),2026-07-07,Intermountain Development & Construction,,,,TBD BRIGHTON LANE,"POCATELLO, ID",ID005,83202,ID,Site: WESTFIELD ESTATES DIVISION 7,,,
EPA ECHO (SC),ECHO_SCR10ZLBQ,SCR10ZLBQ,Construction Stormwater NOI (1+ acre),2026-07-07,Robert Livingston,,,,7111 MONTICELLO RD,"COLUMBIA, SC",SC079,29203,SC,Site: GREGORY ELECTRIC SEPTIC SYSTEM RELOCATION,,,
EPA ECHO (PR),ECHO_PRR1000MV,PRR1000MV,Construction Stormwater NOI (1+ acre),2026-07-07,Carelon Global Solutions PR LLC,,,,"LOT 4 GUANAJIBO INDUSTRIAL PARK, MAYAGUEZ PR","MAYAGUEZ, PR",,00682,PR,Site: GUANAJIBO INDUSTRIAL PARK LOT 4 BUILDING DEMOLITION,,,
EPA ECHO (AK),ECHO_AKR10H15V,AKR10H15V,Construction Stormwater NOI (1+ acre),2026-07-07,William Favitta,,,,NORTH ST ROAD,"FORT GREELY, AK",AK240,99731,AK,Site: P6271 WATER MAIN EXTENSION,,,
EPA ECHO (SC),ECHO_SCR10ZLBR,SCR10ZLBR,Construction Stormwater NOI (1+ acre),2026-07-07,Christine Tims,,,,160 WEST DOVE SUTTON ROAD,"PAGELAND, SC",SC025,29728,SC,"Site: #06073-1006 - PAGELAND, SC",,,
EPA ECHO (AL),ECHO_ALR10C89A,ALR10C89A,Construction Stormwater NOI (1+ acre),2026-07-07,City of Decatur,,,,CENTRAL AVE SW,"DECATUR, AL",AL103,35601,AL,Site: CENTRAL AVE & BELTLINE PL IMPROVEMENTS,,,
EPA ECHO (AL),ECHO_ALR10C73J,ALR10C73J,Construction Stormwater NOI (1+ acre),2026-07-07,"Group of Five, LLC.",,,,WINSTON COUNTY ROAD 61,"HOUSTON, AL",AL133,35572,AL,Site: THE COTTAGES,,,
EPA ECHO (AL),ECHO_ALR10C897,ALR10C897,Construction Stormwater NOI (1+ acre),2026-07-07,Mobile County Commission,,,,13001 OLD TANNER WILLIAMS ROAD,"MOBILE, AL",AL097,36608,AL,Site: MCPI-WM.21.05 - TANNER WILLIAMS COMMUNITY PARK EXPANSION,,,
EPA ECHO (ID),ECHO_IDR10C25C,IDR10C25C,Construction Stormwater NOI (1+ acre),2026-07-07,"J.C. Wallace Construction, LLC",,,,RP01N03W070200 BIRMINGHAM RD,"MELBA, ID",ID027,83641,ID,Site: BIRMINGHAM ESTATES,,,
EPA ECHO (ID),ECHO_IDR10C259,IDR10C259,Construction Stormwater NOI (1+ acre),2026-07-07,Andersen Construction,,,,W USTICK ROAD,"MERIDIAN, ID",ID001,83646,ID,Site: MCDERMOTT VILLAGE,,,
EPA ECHO (AL),ECHO_ALR10C5WB,ALR10C5WB,Construction Stormwater NOI (1+ acre),2026-07-07,Grayson Carter and Son Contracting,,,,FOWLER ROAD,"HUNTSVILLE, AL",AL089,35808,AL,Site: A24-300 SUBSTATION #25 RSA,,,
EPA ECHO (AL),ECHO_ALR10C4X6,ALR10C4X6,Construction Stormwater NOI (1+ acre),2026-07-07,"TCG Chelsea Acres, LLC.",,,,500 LIBERTY ROAD,"CHELSEA, AL",AL117,35043,AL,Site: CHELSEA ACRES DEVELOPMENT,,,
EPA ECHO (ID),ECHO_IDR10C25A,IDR10C25A,Construction Stormwater NOI (1+ acre),2026-07-07,Selland Construction,,,,22089 US95,"COEUR D ALENE, ID",ID055,83814,ID,Site: KOOTENAI COUNTY FIGHTING CREEK FARM LANDFILL CLOSURE,,,
EPA ECHO (SC),ECHO_SCR10ZLB8,SCR10ZLB8,Construction Stormwater NOI (1+ acre),2026-07-06,Michelle Stanley,,,,COTTON PATCH LANE AND COTTONWOOD LANE,"PAGELAND, SC",SC025,29728,SC,Site: PAVING OF COTTONWOOD LANE & COTTON PATCH LANE,,,
EPA ECHO (NH),ECHO_NHR1002B5,NHR1002B5,Construction Stormwater NOI (1+ acre),2026-07-06,New England Hydro Transmission,,,,DORCHESTER ROAD,"RUMNEY, NH",,03266,NH,Site: 451/452 HVDC 450 KV ELECTRIC TRANSMISSION LINE MAINTENANCE PHASE 5,,,
EPA ECHO (SC),ECHO_SCR10ZLB5,SCR10ZLB5,Construction Stormwater NOI (1+ acre),2026-07-06,Eric Frost,,,,949 E ESTATES BLVD,"CHARLESTON, SC",SC019,294145666,SC,Site: 949 EAST ESTATES,,,
EPA ECHO (AK),ECHO_AKR10H0YY,AKR10H0YY,Construction Stormwater NOI (1+ acre),2026-07-06,Patrick LeMay,,,,DAVIS HIGHWAY,"JBER, AK",AK020,99505,AK,Site: BRYANT ARMY AIRFIELD DAVIS HWY WDS UPGRADES P8338,,,
EPA ECHO (SC),ECHO_SCR10ZLBD,SCR10ZLBD,Construction Stormwater NOI (1+ acre),2026-07-06,Paul Aho,,,,2546 FREYS DRIVE,"SPARTANBURG, SC",SC083,29301,SC,Site: WICKS CREEK OFF-SITE WATER MAIN EXTENSION,,,
EPA ECHO (AL),ECHO_ALR10C6Q7,ALR10C6Q7,Construction Stormwater NOI (1+ acre),2026-07-06,Allison Lilla,,,,1819 CO RD 35 #2183,"PELHAM, AL",AL117,35124,AL,Site: LILLA PROPERTY,,,
EPA ECHO (SC),ECHO_SCR10ZLB6,SCR10ZLB6,Construction Stormwater NOI (1+ acre),2026-07-06,Michelle Stanley,,,,BRIARCLIFF DRIVE,"CHERAW, SC",SC025,29520,SC,Site: PAVING OF BRIARCLIFF DRIVE,,,
EPA ECHO (AL),ECHO_ALR10C88Y,ALR10C88Y,Construction Stormwater NOI (1+ acre),2026-07-06,"Saraland Spartan Partners, LLC",,,,1101 INDUSTRIAL PARKWAY,"SARALAND, AL",AL097,36571,AL,Site: SARALAND - SPARTAN DRIVE,,,
EPA ECHO (SC),ECHO_SCR10ZLBG,SCR10ZLBG,Construction Stormwater NOI (1+ acre),2026-07-06,Jeffrey Edelman,,,,(UNKNOWN ADDRESS),"(UNKNOWN CITY), SC",SC063,00000,SC,Site: WINTER FARMS,,,
EPA ECHO (CO),ECHO_COR10F0DY,COR10F0DY,Construction Stormwater NOI (1+ acre),2026-07-06,"Ameresco, Inc.",,,,111 KIPLING STREET,"LAKEWOOD, CO",,80226,CO,Site: GSA DENVER GEOTHERMAL LOOP,,,
EPA ECHO (AK),ECHO_AKR10H0XA,AKR10H0XA,Construction Stormwater NOI (1+ acre),2026-07-06,Patrick LeMay,,,,W. RANDALL RD,"ANCHORAGE, AK",AK020,99505,AK,Site: BRYANT ARMY AIRFIELD WDS UPGRADES P8337,,,
EPA ECHO (SC),ECHO_SCR10ZLBH,SCR10ZLBH,Construction Stormwater NOI (1+ acre),2026-07-06,Jonathan Hornick,,,,400 LF N OF INTERSECTIN US#1 & BUSHWILLOW CIRCLE,"AIKEN, SC",SC003,29801,SC,Site: PALOMINO OAKS PHASE 1,,,
EPA ECHO (SC),ECHO_SCR10ZLBF,SCR10ZLBF,Construction Stormwater NOI (1+ acre),2026-07-06,Johnny Rishmawi,,,,2161 HOFFMEYER ROAD (APPROX.),"FLORENCE, SC",SC041,29501,SC,Site: HOFFMEYER RD GAS STATION,,,
EPA ECHO (MA),ECHO_MAR1006EQ,MAR1006EQ,Construction Stormwater NOI (1+ acre),2026-07-06,Mark Garrett Gordon,,,,284 EASTERN AVE.,"CHELSEA, MA",,02150,MA,Site: ENERGIZER STORAGE LLC,,,
EPA ECHO (SC),ECHO_SCR10ZLBK,SCR10ZLBK,Construction Stormwater NOI (1+ acre),2026-07-06,Shannon Lowe,,,,W. BUTLER ROAD,"MAULDIN, SC",SC045,29607,SC,Site: THE ESTATES AT MAULDIN,,,
EPA ECHO (NM),ECHO_NMR10080U,NMR10080U,Construction Stormwater NOI (1+ acre),2026-07-06,E Light Electric Services,,,,349 GOLD HILL ROAD,"LORDSBURG, NM",,88045,NM,Site: RAVEN SOLAR,,,
EPA ECHO (SC),ECHO_SCR10ZLB9,SCR10ZLB9,Construction Stormwater NOI (1+ acre),2026-07-06,Joe Walter,,,,10141 MCDOWELL SHORTCUT RD,"MURRELLS INLEET, SC",SC051,29576,SC,Site: TOWNS AT HAVEN VIEW,,,
EPA ECHO (AL),ECHO_ALR10C5HQ,ALR10C5HQ,Construction Stormwater NOI (1+ acre),2026-07-06,"BA Investments, LLC",,,,2034 SCHILLINGER RD N,"SEMMES, AL",AL097,36575,AL,Site: ADMIRAL LANDING,,,
EPA ECHO (SC),ECHO_SCR10ZLBL,SCR10ZLBL,Construction Stormwater NOI (1+ acre),2026-07-06,David Dewar,,,,2200 HARDEN ST,"COLUMBIA, SC",SC079,292037107,SC,Site: UNIVERSITY OF SOUTH CAROLINA SLIGHS PARKING LOT,,,
EPA ECHO (FL),ECHO_FLR10YP09,FLR10YP09,Construction Stormwater NOI (1+ acre),2026-07-06,JCCL Granite LLC,,,,1828 SHERMAN AVE,"PANAMA CITY, FL",,32405-6231,FL,"Site: JCCL GRANITE, LLC",,,
EPA ECHO (SC),ECHO_SCR10ZLAX,SCR10ZLAX,Construction Stormwater NOI (1+ acre),2026-07-06,Jessica Garrison,,,,2122 VOLVO CAR DR,"RIDGEVILLE, SC",SC015,29472,SC,Site: REDWOOD- LIVE CELL STORAGE,,,
EPA ECHO (SC),ECHO_SCR10ZLBJ,SCR10ZLBJ,Construction Stormwater NOI (1+ acre),2026-07-06,Boubacar Maiga,,,,1964 OLD DUNBAR RD,"WEST COLUMBIA, SC",SC063,291723922,SC,Site: CARGILL MEAT SOLUTIONS - RAW DOCK IMPROVEMENTS,,,
EPA ECHO (SC),ECHO_SCR10ZLBE,SCR10ZLBE,Construction Stormwater NOI (1+ acre),2026-07-06,Steve Gentry,,,,9930 VAN WYCK ROAD,"LANCASTER, SC",SC057,29720,SC,Site: VAN WYCKE STORAGE,,,
EPA ECHO (SC),ECHO_SCR10ZLBB,SCR10ZLBB,Construction Stormwater NOI (1+ acre),2026-07-06,Bryan Moore,,,,148 BRADLEY DRIVE,"WEST COLUMBIA, SC",SC063,29170,SC,Site: PLAYMAKER SPORTS DEK,,,
EPA ECHO (NM),ECHO_NMR10080V,NMR10080V,Construction Stormwater NOI (1+ acre),2026-07-06,Tim Gladem,,,,"2575 WEBB RD, ID NO. R1901496","LAS CRUCES, NM",,88011,NM,"Site: SINGLE FAMILY HOME - 2575 WEBB RD, ID NO. R1901496",,,
EPA ECHO (AL),ECHO_ALR10C891,ALR10C891,Construction Stormwater NOI (1+ acre),2026-07-06,"MatchPoint Development, LLC",,,,0 GAYFER ROAD EXT,"FAIRHOPE, AL",AL003,36532,AL,Site: DRESDEN WOODS,,,
EPA ECHO (OR),ECHO_ORR10K017,ORR10K017,Construction Stormwater NOI (1+ acre),2026-07-06,"SI POR03E, LLC",,,,3555 NE EVERGREEN RD,"HILLSBORO, OR",,97124,OR,Site: SIPOR03G,,,
EPA ECHO (NM),ECHO_AZR10I1IF,AZR10I1IF,Construction Stormwater NOI (1+ acre),2026-07-06,"Mountain States Constructors, Inc",,,,US64 MP8.117 TO 13.811,"SHIPROCK, NM",,87420,NM,Site: CN 5101175 SAN JUAN COUNTY,,,
EPA ECHO (NM),ECHO_NMR1007ZP,NMR1007ZP,Construction Stormwater NOI (1+ acre),2026-07-06,Compass Engineering and Construction,,,,1101 ROBERTA ROAD,"GRANTS, NM",,82020,NM,Site: ROBERTAS PLACE SITE IMPROVEMENTS,,,
EPA ECHO (SC),ECHO_SCR10ZLBA,SCR10ZLBA,Construction Stormwater NOI (1+ acre),2026-07-06,Robert Hammersla,,,,3115 BLUFF RD,"COLUMBIA, SC",SC079,29209,SC,Site: EQUIPMENT & MATERIAL STORAGE - 3115 BLUFF RD,,,
EPA ECHO (IL),ECHO_ILR10ZH59,ILR10ZH59,Construction Stormwater NOI (1+ acre),2026-07-06,"IBS, Inc.",,,,2612 W CLARK ST.,"PEORIA, IL",,61604,IL,Site: 2612 W CLARK ST.,,,
EPA ECHO (NM),ECHO_NMR10080Q,NMR10080Q,Construction Stormwater NOI (1+ acre),2026-07-06,French Brothers Homes,,,,PORTER ROAD & VILLAGE DRIVE,"LAS CRUCESS, NM",,88005,NM,"Site: TIERRA HERMOSA, PHASE I",,,
EPA ECHO (AK),ECHO_AKR10H15U,AKR10H15U,Construction Stormwater NOI (1+ acre),2026-07-06,Melinda Kohlhaas,,,,MARY AVENUE (NORTH OF W 121ST AVE.),"ANCHORAGE, AK",AK020,99515,AK,Site: MARY AVENUE AREA ROAD AND STORM DRAINAGE IMPROVEMENTS,,,
EPA ECHO (AL),ECHO_ALR10C890,ALR10C890,Construction Stormwater NOI (1+ acre),2026-07-06,City of Semmes,,,,3201 SCHILLINGER ROAD N,"MOBILE, AL",AL097,36695,AL,Site: SMPS + COTW,,,
EPA ECHO (AL),ECHO_ALR10C7F0,ALR10C7F0,Construction Stormwater NOI (1+ acre),2026-07-06,"Takco, Inc.",,,,PUMPKIN SWAMP ROAD,"WILSONVILLE, AL",AL117,35186,AL,Site: NORTH SOUTH CONNECTOR PHASE 1 WATER IMPROVEMENTS SHELBY COUNTY COMMISSION,,,
EPA ECHO (MA),ECHO_MAR1006ES,MAR1006ES,Construction Stormwater NOI (1+ acre),2026-07-06,Lawrence-Lynch Corp.,,,,40 ROBINSON ROAD,"EDGARTOWN, MA",,02539,MA,"Site: LAWRENCE LYNCH: EDGARTOWN, MA - ROBINSON ROAD RECREATION AREA",,,
EPA ECHO (NM),ECHO_NMR10080S,NMR10080S,Construction Stormwater NOI (1+ acre),2026-07-06,"National Technology & Engineering Solutions of Sandia, LLC",,,,1515 EUBANK,"ALBUQUERQUE, NM",,87123,NM,Site: NEW PARKING LOT IN TA-IV NEAR SUBSTATION 42,,,
EPA ECHO (NM),ECHO_NMR10080R,NMR10080R,Construction Stormwater NOI (1+ acre),2026-07-06,E Light Electric Services,,,,50 FAIR GROUND ST.,"CLAYTON, NM",,88415,NM,Site: GONZO,,,
EPA ECHO (SC),ECHO_SCR10ZLBC,SCR10ZLBC,Construction Stormwater NOI (1+ acre),2026-07-06,Jonathan Stone,,,,7472 VAN WYCK RD,"LANCASTER,, SC",SC057,29720,SC,Site: REMOVE 4A1135 CONVEY,,,
EPA ECHO (TN),ECHO_TNR155949,TNR155949,Construction Stormwater NOI (1+ acre),2026-07-06,Eddie Noemen,,,,GAINSVILLE ROAD AND BLACKBERRY AVENUE,"MASON, TN",TN167,38049,TN,Site: MARBURY SUBDIVISION,,,
EPA ECHO (AL),ECHO_ALR10C892,ALR10C892,Construction Stormwater NOI (1+ acre),2026-07-06,Salem 280 LLLP,,,,LEE ROAD 154,"OPELIKA, AL",AL081,36804,AL,Site: HWY 280 CONTRACTOR WAREHOUSES,,,
EPA ECHO (AL),ECHO_ALR10C88Z,ALR10C88Z,Construction Stormwater NOI (1+ acre),2026-07-06,"Marshall Design-Build, LLC",,,,23 DOWNING DRIVE,"PHENIX CITY, AL",AL113,36869,AL,Site: DAECHANG SEAT COMPANY NEW PARKING LOT AND BUILDING EXPANSION,,,
EPA ECHO (AK),ECHO_AKR10H0J0,AKR10H0J0,Construction Stormwater NOI (1+ acre),2026-07-06,Kathleen Hook,,,,28007 ARCTIC VALLEY ROAD,"ANCHORAGE, AK",AK020,99505,AK,Site: DOYON WATER TREATMENT PLANT,,,
EPA ECHO (NM),ECHO_NMR10080T,NMR10080T,Construction Stormwater NOI (1+ acre),2026-07-06,"National Technology & Engineering Solutions of Sandia, LLC",,,,1515 EUBANK,"ALBUQUERQUE, NM",,87123,NM,Site: 300' BLAST TUBE IMPROVEMENTS,,,
EPA ECHO (AL),ECHO_ALR10C243,ALR10C243,Construction Stormwater NOI (1+ acre),2026-07-06,"Morrison Land Contracting, LLC",,,,1850 SMOKEY ROAD,"ALABASTER, AL",AL117,35007,AL,Site: WALKER SPRINGS,,,
EPA ECHO (NM),ECHO_NMR10080P,NMR10080P,Construction Stormwater NOI (1+ acre),2026-07-05,"Albuquerque Asphalt, Inc",,,,DUNES CT/PL/ RD; DORADO CT/DR; WESTERN SKIES DR,"ALBUQUERQUE, NM",,87123,NM,Site: WESTERN SKIES NEIGHBORHOOD,,,
EPA ECHO (IL),ECHO_ILR10ZH5F,ILR10ZH5F,Construction Stormwater NOI (1+ acre),2026-07-05,Paradise Pools,,,,2400 E CHURCH ST,"SANDWICH, IL",,60548,IL,Site: PARADISE POOLS SITE PLAN,,,
EPA ECHO (IL),ECHO_ILR10ZH5K,ILR10ZH5K,Construction Stormwater NOI (1+ acre),2026-07-05,Blue Water Builders,,,,2700 ELLIS ROAD,"60433, IL",,60433,IL,Site: 2700 ELLIS ROAD TRAILER PARKING EXPANSION,,,
EPA ECHO (FL),ECHO_FLR10YP02,FLR10YP02,Construction Stormwater NOI (1+ acre),2026-07-05,"ARQ 211, LLLP",,,,11155 SW 211TH ST,"CUTLER BAY, FL",,33189-2814,FL,Site: PINNACLE AT SOUTHLAND,,,
EPA ECHO (FL),ECHO_FLR10YP05,FLR10YP05,Construction Stormwater NOI (1+ acre),2026-07-05,DR Horton Inc,,,,DEGROODT ROAD SW  ST. ANDRE BOULEVARD,"PALM BAY, FL",,32908,FL,Site: SW PALM BAY SPOT LOTS,,,
EPA ECHO (IL),ECHO_ILR10ZH5H,ILR10ZH5H,Construction Stormwater NOI (1+ acre),2026-07-05,"JRG Holdings, LLC",,,,REESE DRIVE & RAMADA BLVD.,"COLLINSVILLE, IL",,62062,IL,Site: HAVEN HILL ACRES,,,
EPA ECHO (FL),ECHO_FLR10YO99,FLR10YO99,Construction Stormwater NOI (1+ acre),2026-07-05,RockWell Homes,,,,2944 SWEETGRASS LANE,"ZELLWOOD, FL",,32798,FL,Site: GRASSMERE,,,
EPA ECHO (FL),ECHO_FLR10YP03,FLR10YP03,Construction Stormwater NOI (1+ acre),2026-07-05,"Accurate Drilling Systems, Inc.",,,,HELMS RD,"LABELLE, FL",,33935,FL,Site: HELMS RD WATERMAIN EXTENSION,,,
EPA ECHO (IL),ECHO_ILR10ZH5E,ILR10ZH5E,Construction Stormwater NOI (1+ acre),2026-07-05,"Knobelsdorff Energy, LLC",,,,490 ENGLISH PRAIRIE RD,"VILLAGE OF FOX LAKE, IL",,60081,IL,"Site: ENGLISH PRAIRIE SOLAR 1, LLC",,,
EPA ECHO (FL),ECHO_FLR10YP06,FLR10YP06,Construction Stormwater NOI (1+ acre),2026-07-05,"ITEC F REALTY, LLC",,,,16310 INNOVATION LN,"FORT MYERS, FL",,33913-8791,FL,Site: ITEC PARK TRACTS F AND G,,,
EPA ECHO (FL),ECHO_FLR10YP07,FLR10YP07,Construction Stormwater NOI (1+ acre),2026-07-05,Vilar-Hoynack Const.,,,,1155 BLUE RD,"CORAL GABLES, FL",,33146-1112,FL,Site: RIVIERA COUNTRY CLUB - NEW TENNIS FACILITY,,,
EPA ECHO (IL),ECHO_ILR10ZH5J,ILR10ZH5J,Construction Stormwater NOI (1+ acre),2026-07-05,Connect Transit,,,,202 WEST MARKET STREET,"BLOOMINGTON, IL",,61701,IL,Site: CONNECT TRANSIT BLOOMINGTON TRANSIT CENTER,,,
EPA ECHO (IL),ECHO_ILR10ZH5G,ILR10ZH5G,Construction Stormwater NOI (1+ acre),2026-07-05,Argo Community High School District 217,,,,7329 W 63RD STREET,"SUMMIT, IL",,60501,IL,Site: ARGO HIGH SCHOOL ATHLETIC FIELDS,,,
EPA ECHO (IL),ECHO_ILR10ZH5M,ILR10ZH5M,Construction Stormwater NOI (1+ acre),2026-07-05,"PSI Construction, LLC",,,,1615 N CONVENT STREET,"BOURBONNAIS, IL",,60914,IL,Site: CENTER FOR DIGESTIVE HEALTH ADDITION & REMODELING - PHASE 2,,,
EPA ECHO (FL),ECHO_FLR10YP01,FLR10YP01,Construction Stormwater NOI (1+ acre),2026-07-05,"DR Horton, Inc.",,,,SW 292ND STREET AND SW 179TH COURT,"HOMESTEAD, FL",,33030,FL,Site: IVY RANCH,,,
EPA ECHO (FL),ECHO_FLR10YP00,FLR10YP00,Construction Stormwater NOI (1+ acre),2026-07-05,RockWell Homes,,,,4743 GOODMANS BAY DRIVE,"KISSIMMEE, FL",,34758,FL,Site: TERRACE AT WESTVIEW,,,
EPA ECHO (IL),ECHO_ILR10ZH5N,ILR10ZH5N,Construction Stormwater NOI (1+ acre),2026-07-05,Evergreen Real Estate Group,,,,290 N STADIUM DRIVE,"BOURBONNAIS, IL",,60914,IL,Site: HIDDEN GLEN APARTMENTS SITE IMPROVEMENTS,,,
EPA ECHO (FL),ECHO_FLR10YO98,FLR10YO98,Construction Stormwater NOI (1+ acre),2026-07-05,"Pompano Pickle, LLC",,,,210 -217,"POMPANO BEACH, FL",,33060-6651,FL,Site: POMPANO PICKLE,,,
EPA ECHO (FL),ECHO_FLR10YP04,FLR10YP04,Construction Stormwater NOI (1+ acre),2026-07-05,"R.E. Beckner Construction, Inc.",,,,9001 CORPORATE LAKE DR,"TAMPA, FL",,33634,FL,Site: WESTLAKE RESIDENTIAL,,,
EPA ECHO (IL),ECHO_ILR10ZH5I,ILR10ZH5I,Construction Stormwater NOI (1+ acre),2026-07-05,Village of Shorewood,,,,US ROUTE 52 -WEST OF DEL WEBB BLVD TO CN RR TRACKS,"SHOREWOOD, IL",,60404,IL,Site: US ROUTE 52 WATER MAIN & SEWER EXTENSION,,,
EPA ECHO (FL),ECHO_FLR10YP08,FLR10YP08,Construction Stormwater NOI (1+ acre),2026-07-05,MEC General Contractors,,,,1211 FINLEY AVE,"DAVENPORT, FL",,33897-6453,FL,"Site: O'REILLY AUTO PARTS, DAVENPORT, FL DV2",,,
EPA ECHO (IL),ECHO_ILR10ZH5O,ILR10ZH5O,Construction Stormwater NOI (1+ acre),2026-07-05,"LAYERCAKE, LLC",,,,499 SHERIDAN ROAD,"WINNETKA, IL",,60093,IL,Site: PROPOSED RESIDENCE - 499 SHERIDAN,,,
EPA ECHO (FL),ECHO_FLR10YO93,FLR10YO93,Construction Stormwater NOI (1+ acre),2026-07-04,"Ministerio La Gran Comision, Inc.",,,,5140 TICE ST,"FORT MYERS, FL",,33905,FL,Site: TICE STREET CHURCH PARKING LOT,,,
EPA ECHO (IL),ECHO_ILR10ZH5B,ILR10ZH5B,Construction Stormwater NOI (1+ acre),2026-07-04,"John Pohar & Sons, Inc.",,,,CHAMPLAIN STREET;ROUTE 71;ROUTE 6,"OTTAWA, IL",,61350,IL,Site: CONTRACT A - COLLECTION SYSTEM IMPROVEMENTS,,,
EPA ECHO (IL),ECHO_ILR10ZH5C,ILR10ZH5C,Construction Stormwater NOI (1+ acre),2026-07-04,"Nebor Builders, LLC",,,,OWENS ROAD & LONDON BRIDGE DRIVE,"MOKENA, IL",,60448,IL,Site: OWENS POINTE SUBDIVISION,,,
EPA ECHO (FL),ECHO_FLR10YO97,FLR10YO97,Construction Stormwater NOI (1+ acre),2026-07-04,Adams Homes,,,,506 WAYNE ADAMS BLVD,"JACKSONVILLE, FL",,32220-0010,FL,Site: BALDWIN POINT,,,
EPA ECHO (IL),ECHO_ILR10ZH57,ILR10ZH57,Construction Stormwater NOI (1+ acre),2026-07-04,"VCNA Prairie, LLC",,,,799 ROWHLING ROAD,"ADDISON, IL",,60101,IL,Site: VCNA PRAIRIE YARD 14,,,
EPA ECHO (FL),ECHO_FLR10YO94,FLR10YO94,Construction Stormwater NOI (1+ acre),2026-07-04,Martin Manor,,,,1350 N DIXIE HWY,"BOCA RATON, FL",,33432-1835,FL,Site: MARTIN MANOR,,,
EPA ECHO (IL),ECHO_ILR10ZH56,ILR10ZH56,Construction Stormwater NOI (1+ acre),2026-07-04,"McLean County Pony Baseball, Inc.",,,,4007 IRELAND GROVE ROAD,"BLOOMINGTON, IL",,61704,IL,Site: PROPOSED INDOOR PRACTICE FIELD AND OFFICE BUILDING,,,
EPA ECHO (IL),ECHO_ILR10ZH5A,ILR10ZH5A,Construction Stormwater NOI (1+ acre),2026-07-04,Rockford Structures Construction Company,,,,6950 E RIVERSIDE BOULEVARD,"LOVES PARK, IL",,61111,IL,Site: DUTCH BROS RIVERSIDE BLVD,,,
EPA ECHO (FL),ECHO_FLR10YO96,FLR10YO96,Construction Stormwater NOI (1+ acre),2026-07-04,"Taylor Morrison of Florida, Inc.",,,,EAST OF CORKSCREW RD.  CORKSCREW LINES RD.,"ESTERO, FL",,33928,FL,Site: ESPLANADE AT KINGSTON,,,
EPA ECHO (IL),ECHO_ILR10ZH58,ILR10ZH58,Construction Stormwater NOI (1+ acre),2026-07-04,TBD,,,,419 N 2000 E ROAD,"PAXTON, IL",,60957,IL,Site: TP 1707 PLACKETT SUBSTATION,,,
EPA ECHO (FL),ECHO_FLR10YO95,FLR10YO95,Construction Stormwater NOI (1+ acre),2026-07-04,Culver's Seffner,,,,11708 E US HIGHWAY 92,"SEFFNER, FL",,33584-3412,FL,Site: CULVER'S SEFFNER,,,
